
  .   ____          _            __ _ _
 /\\ / ___'_ __ _ _(_)_ __  __ _ \ \ \ \
( ( )\___ | '_ | '_| | '_ \/ _` | \ \ \ \
 \\/  ___)| |_)| | | | | || (_| |  ) ) ) )
  '  |____| .__|_| |_|_| |_\__, | / / / /
 =========|_|==============|___/=/_/_/_/

 :: Spring Boot ::                (v3.3.5)

[2026-05-14 17:01:40] [background-preinit] DEBUG org.jboss.logging - Logging Provider: org.jboss.logging.Slf4jLoggerProvider found via system property
[2026-05-14 17:01:40] [background-preinit] DEBUG o.h.v.i.x.config.ValidationXmlParser - Trying to load META-INF/validation.xml for XML based Validator configuration.
[2026-05-14 17:01:40] [background-preinit] DEBUG o.h.v.i.x.c.ResourceLoaderHelper - Trying to load META-INF/validation.xml via TCCL
[2026-05-14 17:01:40] [background-preinit] DEBUG o.h.v.i.x.c.ResourceLoaderHelper - Trying to load META-INF/validation.xml via Hibernate Validator's class loader
[2026-05-14 17:01:40] [background-preinit] DEBUG o.h.v.i.x.config.ValidationXmlParser - No META-INF/validation.xml found. Using annotation based configuration only.
[2026-05-14 17:01:40] [background-preinit] DEBUG o.h.v.i.e.r.TraversableResolvers - Found jakarta.persistence.Persistence on classpath containing 'getPersistenceUtil'. Assuming JPA 2 environment. Trying to instantiate JPA aware TraversableResolver
[2026-05-14 17:01:40] [background-preinit] DEBUG o.h.v.i.e.r.TraversableResolvers - Instantiated JPA aware TraversableResolver of type org.hibernate.validator.internal.engine.resolver.JPATraversableResolver.
[2026-05-14 17:01:40] [background-preinit] DEBUG o.h.v.m.ResourceBundleMessageInterpolator - Loaded expression factory via original TCCL
[2026-05-14 17:01:40] [main] INFO  c.bank.mortgage.MortgageApplication - Starting MortgageApplication v1.0.0 using Java 21.0.7 with PID 465568 (/home/eugine/Downloads/mortgage-service-starter/backend/target/mortgage-service-1.0.0.jar started by eugine in /home/eugine/Downloads/mortgage-service-starter/backend)
[2026-05-14 17:01:40] [main] DEBUG c.bank.mortgage.MortgageApplication - Running with Spring Boot v3.3.5, Spring v6.1.14
[2026-05-14 17:01:40] [main] INFO  c.bank.mortgage.MortgageApplication - The following 1 profile is active: "h2"
[2026-05-14 17:01:40] [main] DEBUG o.s.boot.SpringApplication - Loading source class com.bank.mortgage.MortgageApplication
[2026-05-14 17:01:40] [main] DEBUG o.s.b.w.s.c.AnnotationConfigServletWebServerApplicationContext - Refreshing org.springframework.boot.web.servlet.context.AnnotationConfigServletWebServerApplicationContext@71cf1b07
[2026-05-14 17:01:40] [main] DEBUG o.s.b.f.s.DefaultListableBeanFactory - Creating shared instance of singleton bean 'org.springframework.context.annotation.internalConfigurationAnnotationProcessor'
[2026-05-14 17:01:41] [main] DEBUG o.s.b.f.s.DefaultListableBeanFactory - Creating shared instance of singleton bean 'org.springframework.boot.autoconfigure.internalCachingMetadataReaderFactory'
[2026-05-14 17:01:41] [background-preinit] DEBUG o.h.v.i.e.ValidatorFactoryConfigurationHelper - HV000252: Using org.hibernate.validator.internal.engine.DefaultPropertyNodeNameProvider as property node name provider.
[2026-05-14 17:01:41] [background-preinit] DEBUG o.h.v.i.e.ValidatorFactoryConfigurationHelper - HV000234: Using org.hibernate.validator.messageinterpolation.ResourceBundleMessageInterpolator as ValidatorFactory-scoped message interpolator.
[2026-05-14 17:01:41] [background-preinit] DEBUG o.h.v.i.e.ValidatorFactoryConfigurationHelper - HV000234: Using org.hibernate.validator.internal.engine.resolver.JPATraversableResolver as ValidatorFactory-scoped traversable resolver.
[2026-05-14 17:01:41] [background-preinit] DEBUG o.h.v.i.e.ValidatorFactoryConfigurationHelper - HV000234: Using org.hibernate.validator.internal.util.ExecutableParameterNameProvider as ValidatorFactory-scoped parameter name provider.
[2026-05-14 17:01:41] [background-preinit] DEBUG o.h.v.i.e.ValidatorFactoryConfigurationHelper - HV000234: Using org.hibernate.validator.internal.engine.DefaultClockProvider as ValidatorFactory-scoped clock provider.
[2026-05-14 17:01:41] [background-preinit] DEBUG o.h.v.i.e.ValidatorFactoryConfigurationHelper - HV000234: Using org.hibernate.validator.internal.engine.scripting.DefaultScriptEvaluatorFactory as ValidatorFactory-scoped script evaluator factory.
[2026-05-14 17:01:41] [main] DEBUG o.s.c.a.ClassPathBeanDefinitionScanner - Identified candidate component class: URL [jar:nested:/home/eugine/Downloads/mortgage-service-starter/backend/target/mortgage-service-1.0.0.jar/!BOOT-INF/classes/!/com/bank/mortgage/util/TraceUtil.class]
[2026-05-14 17:01:41] [main] DEBUG o.s.c.a.ClassPathBeanDefinitionScanner - Identified candidate component class: URL [jar:nested:/home/eugine/Downloads/mortgage-service-starter/backend/target/mortgage-service-1.0.0.jar/!BOOT-INF/classes/!/com/bank/mortgage/util/SecurityUtil.class]
[2026-05-14 17:01:41] [main] DEBUG o.s.c.a.ClassPathBeanDefinitionScanner - Identified candidate component class: URL [jar:nested:/home/eugine/Downloads/mortgage-service-starter/backend/target/mortgage-service-1.0.0.jar/!BOOT-INF/classes/!/com/bank/mortgage/security/JwtService.class]
[2026-05-14 17:01:41] [main] DEBUG o.s.c.a.ClassPathBeanDefinitionScanner - Identified candidate component class: URL [jar:nested:/home/eugine/Downloads/mortgage-service-starter/backend/target/mortgage-service-1.0.0.jar/!BOOT-INF/classes/!/com/bank/mortgage/security/JwtUtil.class]
[2026-05-14 17:01:41] [main] DEBUG o.s.c.a.ClassPathBeanDefinitionScanner - Identified candidate component class: URL [jar:nested:/home/eugine/Downloads/mortgage-service-starter/backend/target/mortgage-service-1.0.0.jar/!BOOT-INF/classes/!/com/bank/mortgage/security/CustomUserDetailsService.class]
[2026-05-14 17:01:41] [main] DEBUG o.s.c.a.ClassPathBeanDefinitionScanner - Identified candidate component class: URL [jar:nested:/home/eugine/Downloads/mortgage-service-starter/backend/target/mortgage-service-1.0.0.jar/!BOOT-INF/classes/!/com/bank/mortgage/security/JwtAuthenticationFilter.class]
[2026-05-14 17:01:41] [main] DEBUG o.s.c.a.ClassPathBeanDefinitionScanner - Identified candidate component class: URL [jar:nested:/home/eugine/Downloads/mortgage-service-starter/backend/target/mortgage-service-1.0.0.jar/!BOOT-INF/classes/!/com/bank/mortgage/auth/AuthServiceImpl.class]
[2026-05-14 17:01:41] [main] DEBUG o.s.c.a.ClassPathBeanDefinitionScanner - Identified candidate component class: URL [jar:nested:/home/eugine/Downloads/mortgage-service-starter/backend/target/mortgage-service-1.0.0.jar/!BOOT-INF/classes/!/com/bank/mortgage/auth/AuthController.class]
[2026-05-14 17:01:41] [main] DEBUG o.s.c.a.ClassPathBeanDefinitionScanner - Identified candidate component class: URL [jar:nested:/home/eugine/Downloads/mortgage-service-starter/backend/target/mortgage-service-1.0.0.jar/!BOOT-INF/classes/!/com/bank/mortgage/events/KafkaEventPublisher.class]
[2026-05-14 17:01:41] [main] DEBUG o.s.c.a.ClassPathBeanDefinitionScanner - Identified candidate component class: URL [jar:nested:/home/eugine/Downloads/mortgage-service-starter/backend/target/mortgage-service-1.0.0.jar/!BOOT-INF/classes/!/com/bank/mortgage/config/KafkaConditionalConfig.class]
[2026-05-14 17:01:41] [main] DEBUG o.s.c.a.ClassPathBeanDefinitionScanner - Identified candidate component class: URL [jar:nested:/home/eugine/Downloads/mortgage-service-starter/backend/target/mortgage-service-1.0.0.jar/!BOOT-INF/classes/!/com/bank/mortgage/config/OpenApiConfig.class]
[2026-05-14 17:01:41] [main] DEBUG o.s.c.a.ClassPathBeanDefinitionScanner - Identified candidate component class: URL [jar:nested:/home/eugine/Downloads/mortgage-service-starter/backend/target/mortgage-service-1.0.0.jar/!BOOT-INF/classes/!/com/bank/mortgage/config/SecurityConfig.class]
[2026-05-14 17:01:41] [main] DEBUG o.s.c.a.ClassPathBeanDefinitionScanner - Identified candidate component class: URL [jar:nested:/home/eugine/Downloads/mortgage-service-starter/backend/target/mortgage-service-1.0.0.jar/!BOOT-INF/classes/!/com/bank/mortgage/config/KafkaConfig.class]
[2026-05-14 17:01:41] [main] DEBUG o.s.c.a.ClassPathBeanDefinitionScanner - Identified candidate component class: URL [jar:nested:/home/eugine/Downloads/mortgage-service-starter/backend/target/mortgage-service-1.0.0.jar/!BOOT-INF/classes/!/com/bank/mortgage/config/JacksonConfig.class]
[2026-05-14 17:01:41] [main] DEBUG o.s.c.a.ClassPathBeanDefinitionScanner - Identified candidate component class: URL [jar:nested:/home/eugine/Downloads/mortgage-service-starter/backend/target/mortgage-service-1.0.0.jar/!BOOT-INF/classes/!/com/bank/mortgage/controller/ApplicationController.class]
[2026-05-14 17:01:41] [main] DEBUG o.s.c.a.ClassPathBeanDefinitionScanner - Identified candidate component class: URL [jar:nested:/home/eugine/Downloads/mortgage-service-starter/backend/target/mortgage-service-1.0.0.jar/!BOOT-INF/classes/!/com/bank/mortgage/service/impl/DecisionServiceImpl.class]
[2026-05-14 17:01:41] [main] DEBUG o.s.c.a.ClassPathBeanDefinitionScanner - Identified candidate component class: URL [jar:nested:/home/eugine/Downloads/mortgage-service-starter/backend/target/mortgage-service-1.0.0.jar/!BOOT-INF/classes/!/com/bank/mortgage/service/impl/ApplicationServiceImpl.class]
[2026-05-14 17:01:41] [main] DEBUG o.s.c.a.ClassPathBeanDefinitionScanner - Identified candidate component class: URL [jar:nested:/home/eugine/Downloads/mortgage-service-starter/backend/target/mortgage-service-1.0.0.jar/!BOOT-INF/classes/!/com/bank/mortgage/exception/GlobalExceptionHandler.class]
[2026-05-14 17:01:41] [main] DEBUG o.s.c.a.ClassPathBeanDefinitionScanner - Identified candidate component class: URL [jar:nested:/home/eugine/Downloads/mortgage-service-starter/backend/target/mortgage-service-1.0.0.jar/!BOOT-INF/classes/!/com/bank/mortgage/mapper/ApplicationMapperImpl.class]
[2026-05-14 17:01:43] [main] INFO  o.s.d.r.c.RepositoryConfigurationDelegate - Bootstrapping Spring Data JPA repositories in DEFAULT mode.
[2026-05-14 17:01:43] [main] DEBUG o.s.b.f.s.DefaultListableBeanFactory - Creating shared instance of singleton bean 'org.springframework.boot.autoconfigure.AutoConfigurationPackages'
[2026-05-14 17:01:43] [main] DEBUG o.s.b.a.AutoConfigurationPackages - @EnableAutoConfiguration was declared on a class in the package 'com.bank.mortgage'. Automatic @Repository and @Entity scanning is enabled.
[2026-05-14 17:01:43] [main] DEBUG o.s.d.r.c.RepositoryConfigurationDelegate - Scanning for JPA repositories in packages com.bank.mortgage.
[2026-05-14 17:01:43] [main] DEBUG o.s.d.r.c.RepositoryComponentProvider - Identified candidate component class: URL [jar:nested:/home/eugine/Downloads/mortgage-service-starter/backend/target/mortgage-service-1.0.0.jar/!BOOT-INF/classes/!/com/bank/mortgage/repository/ApplicationRepository.class]
[2026-05-14 17:01:43] [main] DEBUG o.s.d.r.c.RepositoryComponentProvider - Identified candidate component class: URL [jar:nested:/home/eugine/Downloads/mortgage-service-starter/backend/target/mortgage-service-1.0.0.jar/!BOOT-INF/classes/!/com/bank/mortgage/repository/DocumentRepository.class]
[2026-05-14 17:01:43] [main] DEBUG o.s.d.r.c.RepositoryComponentProvider - Identified candidate component class: URL [jar:nested:/home/eugine/Downloads/mortgage-service-starter/backend/target/mortgage-service-1.0.0.jar/!BOOT-INF/classes/!/com/bank/mortgage/repository/DecisionRepository.class]
[2026-05-14 17:01:43] [main] DEBUG o.s.d.r.c.RepositoryComponentProvider - Identified candidate component class: URL [jar:nested:/home/eugine/Downloads/mortgage-service-starter/backend/target/mortgage-service-1.0.0.jar/!BOOT-INF/classes/!/com/bank/mortgage/repository/UserRepository.class]
[2026-05-14 17:01:43] [main] DEBUG o.s.c.a.ClassPathScanningCandidateComponentProvider - Identified candidate component class: URL [jar:nested:/home/eugine/Downloads/mortgage-service-starter/backend/target/mortgage-service-1.0.0.jar/!BOOT-INF/classes/!/com/bank/mortgage/auth/AuthServiceImpl.class]
[2026-05-14 17:01:43] [main] DEBUG o.s.c.a.ClassPathScanningCandidateComponentProvider - Identified candidate component class: URL [jar:nested:/home/eugine/Downloads/mortgage-service-starter/backend/target/mortgage-service-1.0.0.jar/!BOOT-INF/classes/!/com/bank/mortgage/service/impl/DecisionServiceImpl.class]
[2026-05-14 17:01:43] [main] DEBUG o.s.c.a.ClassPathScanningCandidateComponentProvider - Identified candidate component class: URL [jar:nested:/home/eugine/Downloads/mortgage-service-starter/backend/target/mortgage-service-1.0.0.jar/!BOOT-INF/classes/!/com/bank/mortgage/service/impl/ApplicationServiceImpl.class]
[2026-05-14 17:01:43] [main] DEBUG o.s.c.a.ClassPathScanningCandidateComponentProvider - Identified candidate component class: URL [jar:nested:/home/eugine/Downloads/mortgage-service-starter/backend/target/mortgage-service-1.0.0.jar/!BOOT-INF/classes/!/com/bank/mortgage/mapper/ApplicationMapperImpl.class]
[2026-05-14 17:01:43] [main] INFO  o.s.d.r.c.RepositoryConfigurationDelegate - Finished Spring Data repository scanning in 129 ms. Found 4 JPA repository interfaces.
[2026-05-14 17:01:43] [main] DEBUG o.s.b.f.s.DefaultListableBeanFactory - Creating shared instance of singleton bean 'springSecurityHandlerMappingIntrospectorBeanDefinitionRegistryPostProcessor'
[2026-05-14 17:01:44] [main] DEBUG o.s.b.f.s.DefaultListableBeanFactory - Creating shared instance of singleton bean 'propertySourcesPlaceholderConfigurer'
[2026-05-14 17:01:44] [main] DEBUG o.s.b.f.s.DefaultListableBeanFactory - Creating shared instance of singleton bean 'emBeanDefinitionRegistrarPostProcessor'
[2026-05-14 17:01:44] [main] DEBUG o.s.b.f.s.DefaultListableBeanFactory - Creating shared instance of singleton bean 'org.springframework.boot.sql.init.dependency.DatabaseInitializationDependencyConfigurer$DependsOnDatabaseInitializationPostProcessor'
[2026-05-14 17:01:44] [main] DEBUG o.s.b.f.s.DefaultListableBeanFactory - Creating shared instance of singleton bean 'org.springframework.context.event.internalEventListenerProcessor'
[2026-05-14 17:01:44] [main] DEBUG o.s.b.f.s.DefaultListableBeanFactory - Creating shared instance of singleton bean 'conversionServicePostProcessor'
[2026-05-14 17:01:44] [main] DEBUG o.s.b.f.s.DefaultListableBeanFactory - Creating shared instance of singleton bean 'preserveErrorControllerTargetClassPostProcessor'
[2026-05-14 17:01:44] [main] DEBUG o.s.b.f.s.DefaultListableBeanFactory - Creating shared instance of singleton bean 'org.springframework.context.event.internalEventListenerFactory'
[2026-05-14 17:01:44] [main] DEBUG o.s.b.f.s.DefaultListableBeanFactory - Creating shared instance of singleton bean 'org.springframework.transaction.config.internalTransactionalEventListenerFactory'
[2026-05-14 17:01:44] [main] DEBUG o.s.b.f.s.DefaultListableBeanFactory - Creating shared instance of singleton bean 'org.springframework.context.annotation.internalAutowiredAnnotationProcessor'
[2026-05-14 17:01:44] [main] DEBUG o.s.b.f.s.DefaultListableBeanFactory - Creating shared instance of singleton bean 'org.springframework.context.annotation.internalCommonAnnotationProcessor'
[2026-05-14 17:01:44] [main] DEBUG o.s.b.f.s.DefaultListableBeanFactory - Creating shared instance of singleton bean 'org.springframework.context.annotation.internalPersistenceAnnotationProcessor'
[2026-05-14 17:01:44] [main] DEBUG o.s.b.f.s.DefaultListableBeanFactory - Creating shared instance of singleton bean 'org.springframework.boot.context.properties.ConfigurationPropertiesBindingPostProcessor'
[2026-05-14 17:01:44] [main] DEBUG o.s.b.f.s.DefaultListableBeanFactory - Creating shared instance of singleton bean 'org.springframework.boot.context.internalConfigurationPropertiesBinder'
[2026-05-14 17:01:44] [main] DEBUG o.s.b.f.s.DefaultListableBeanFactory - Creating shared instance of singleton bean 'jdbcConnectionDetailsHikariBeanPostProcessor'
[2026-05-14 17:01:44] [main] DEBUG o.s.b.f.s.DefaultListableBeanFactory - Creating shared instance of singleton bean 'methodValidationPostProcessor'
[2026-05-14 17:01:44] [main] DEBUG o.s.b.f.s.DefaultListableBeanFactory - Autowiring by type from bean name 'methodValidationPostProcessor' via factory method to bean named 'environment'
[2026-05-14 17:01:44] [main] DEBUG o.s.b.f.s.DefaultListableBeanFactory - Creating shared instance of singleton bean 'org.springframework.boot.context.properties.EnableConfigurationPropertiesRegistrar.methodValidationExcludeFilter'
[2026-05-14 17:01:44] [main] DEBUG o.s.b.f.s.DefaultListableBeanFactory - Creating shared instance of singleton bean 'dataSourcePostProcessor'
[2026-05-14 17:01:44] [main] DEBUG o.s.b.f.s.DefaultListableBeanFactory - Creating shared instance of singleton bean 'org.springframework.aop.config.internalAutoProxyCreator'
[2026-05-14 17:01:44] [main] DEBUG o.s.b.f.s.DefaultListableBeanFactory - Creating shared instance of singleton bean 'persistenceExceptionTranslationPostProcessor'
[2026-05-14 17:01:44] [main] DEBUG o.s.b.f.s.DefaultListableBeanFactory - Autowiring by type from bean name 'persistenceExceptionTranslationPostProcessor' via factory method to bean named 'environment'
[2026-05-14 17:01:44] [main] DEBUG o.s.b.f.s.DefaultListableBeanFactory - Creating shared instance of singleton bean 'org.springframework.kafka.config.internalKafkaListenerAnnotationProcessor'
[2026-05-14 17:01:44] [main] DEBUG o.s.b.f.s.DefaultListableBeanFactory - Creating shared instance of singleton bean 'webServerFactoryCustomizerBeanPostProcessor'
[2026-05-14 17:01:44] [main] DEBUG o.s.b.f.s.DefaultListableBeanFactory - Creating shared instance of singleton bean 'errorPageRegistrarBeanPostProcessor'
[2026-05-14 17:01:44] [main] DEBUG o.s.b.f.s.DefaultListableBeanFactory - Creating shared instance of singleton bean 'otelKafkaListenerContainerFactoryBeanPostProcessor'
[2026-05-14 17:01:44] [main] DEBUG o.s.b.f.s.DefaultListableBeanFactory - Creating shared instance of singleton bean 'org.springframework.transaction.config.internalTransactionAdvisor'
[2026-05-14 17:01:44] [main] DEBUG o.s.b.f.s.DefaultListableBeanFactory - Creating shared instance of singleton bean 'org.springframework.transaction.annotation.ProxyTransactionManagementConfiguration'
[2026-05-14 17:01:44] [main] DEBUG o.s.a.a.a.ReflectiveAspectJAdvisorFactory - Found AspectJ method: public java.lang.Object io.opentelemetry.instrumentation.spring.autoconfigure.internal.instrumentation.annotations.InstrumentationWithSpanAspect.traceMethod(org.aspectj.lang.ProceedingJoinPoint) throws java.lang.Throwable
[2026-05-14 17:01:44] [main] DEBUG o.s.a.a.a.ReflectiveAspectJAdvisorFactory - Found AspectJ method: public java.lang.Object io.opentelemetry.instrumentation.spring.autoconfigure.internal.instrumentation.scheduling.SpringSchedulingInstrumentationAspect.execution(org.aspectj.lang.ProceedingJoinPoint) throws java.lang.Throwable
[2026-05-14 17:01:44] [main] DEBUG o.s.b.f.s.DefaultListableBeanFactory - Creating shared instance of singleton bean 'transactionAttributeSource'
[2026-05-14 17:01:44] [main] DEBUG o.s.b.f.s.DefaultListableBeanFactory - Creating shared instance of singleton bean 'transactionInterceptor'
[2026-05-14 17:01:44] [main] DEBUG o.s.b.f.s.DefaultListableBeanFactory - Autowiring by type from bean name 'transactionInterceptor' via factory method to bean named 'transactionAttributeSource'
[2026-05-14 17:01:44] [main] DEBUG o.s.b.f.s.DefaultListableBeanFactory - Autowiring by type from bean name 'org.springframework.transaction.config.internalTransactionAdvisor' via factory method to bean named 'transactionAttributeSource'
[2026-05-14 17:01:44] [main] DEBUG o.s.b.f.s.DefaultListableBeanFactory - Autowiring by type from bean name 'org.springframework.transaction.config.internalTransactionAdvisor' via factory method to bean named 'transactionInterceptor'
[2026-05-14 17:01:44] [main] DEBUG o.s.b.f.s.DefaultListableBeanFactory - Creating shared instance of singleton bean 'otelRestClientBeanPostProcessor'
[2026-05-14 17:01:44] [main] DEBUG o.s.b.f.s.DefaultListableBeanFactory - Creating shared instance of singleton bean 'otelRestTemplateBeanPostProcessor'
[2026-05-14 17:01:44] [main] DEBUG o.s.b.f.s.DefaultListableBeanFactory - Creating shared instance of singleton bean 'projectingArgumentResolverBeanPostProcessor'
[2026-05-14 17:01:44] [main] DEBUG o.s.u.c.s.UiApplicationContextUtils - Unable to locate ThemeSource with name 'themeSource': using default [org.springframework.ui.context.support.ResourceBundleThemeSource@7bbcf6f0]
[2026-05-14 17:01:44] [main] DEBUG o.s.b.f.s.DefaultListableBeanFactory - Creating shared instance of singleton bean 'tomcatServletWebServerFactory'
[2026-05-14 17:01:44] [main] DEBUG o.s.b.f.s.DefaultListableBeanFactory - Creating shared instance of singleton bean 'org.springframework.boot.autoconfigure.web.servlet.ServletWebServerFactoryConfiguration$EmbeddedTomcat'
[2026-05-14 17:01:44] [main] DEBUG o.a.c.core.AprLifecycleListener - The Apache Tomcat Native library could not be found using names [tcnative-2, libtcnative-2, tcnative-1, libtcnative-1] on the java.library.path [/usr/java/packages/lib:/usr/lib/x86_64-linux-gnu/jni:/lib/x86_64-linux-gnu:/usr/lib/x86_64-linux-gnu:/usr/lib/jni:/lib:/usr/lib]. The errors reported were [Can't load library: /home/eugine/Downloads/mortgage-service-starter/backend/bin/libtcnative-2.so, Can't load library: /home/eugine/Downloads/mortgage-service-starter/backend/bin/liblibtcnative-2.so, Can't load library: /home/eugine/Downloads/mortgage-service-starter/backend/bin/libtcnative-1.so, Can't load library: /home/eugine/Downloads/mortgage-service-starter/backend/bin/liblibtcnative-1.so, no tcnative-2 in java.library.path: /usr/java/packages/lib:/usr/lib/x86_64-linux-gnu/jni:/lib/x86_64-linux-gnu:/usr/lib/x86_64-linux-gnu:/usr/lib/jni:/lib:/usr/lib, no libtcnative-2 in java.library.path: /usr/java/packages/lib:/usr/lib/x86_64-linux-gnu/jni:/lib/x86_64-linux-gnu:/usr/lib/x86_64-linux-gnu:/usr/lib/jni:/lib:/usr/lib, no tcnative-1 in java.library.path: /usr/java/packages/lib:/usr/lib/x86_64-linux-gnu/jni:/lib/x86_64-linux-gnu:/usr/lib/x86_64-linux-gnu:/usr/lib/jni:/lib:/usr/lib, no libtcnative-1 in java.library.path: /usr/java/packages/lib:/usr/lib/x86_64-linux-gnu/jni:/lib/x86_64-linux-gnu:/usr/lib/x86_64-linux-gnu:/usr/lib/jni:/lib:/usr/lib]
org.apache.tomcat.jni.LibraryNotFoundError: Can't load library: /home/eugine/Downloads/mortgage-service-starter/backend/bin/libtcnative-2.so, Can't load library: /home/eugine/Downloads/mortgage-service-starter/backend/bin/liblibtcnative-2.so, Can't load library: /home/eugine/Downloads/mortgage-service-starter/backend/bin/libtcnative-1.so, Can't load library: /home/eugine/Downloads/mortgage-service-starter/backend/bin/liblibtcnative-1.so, no tcnative-2 in java.library.path: /usr/java/packages/lib:/usr/lib/x86_64-linux-gnu/jni:/lib/x86_64-linux-gnu:/usr/lib/x86_64-linux-gnu:/usr/lib/jni:/lib:/usr/lib, no libtcnative-2 in java.library.path: /usr/java/packages/lib:/usr/lib/x86_64-linux-gnu/jni:/lib/x86_64-linux-gnu:/usr/lib/x86_64-linux-gnu:/usr/lib/jni:/lib:/usr/lib, no tcnative-1 in java.library.path: /usr/java/packages/lib:/usr/lib/x86_64-linux-gnu/jni:/lib/x86_64-linux-gnu:/usr/lib/x86_64-linux-gnu:/usr/lib/jni:/lib:/usr/lib, no libtcnative-1 in java.library.path: /usr/java/packages/lib:/usr/lib/x86_64-linux-gnu/jni:/lib/x86_64-linux-gnu:/usr/lib/x86_64-linux-gnu:/usr/lib/jni:/lib:/usr/lib
	at org.apache.tomcat.jni.Library.<init>(Library.java:91)
	at org.apache.tomcat.jni.Library.initialize(Library.java:147)
	at org.apache.catalina.core.AprLifecycleListener.init(AprLifecycleListener.java:211)
	at org.apache.catalina.core.AprLifecycleListener.isAprAvailable(AprLifecycleListener.java:113)
	at org.springframework.boot.web.embedded.tomcat.TomcatServletWebServerFactory.getDefaultServerLifecycleListeners(TomcatServletWebServerFactory.java:191)
	at org.springframework.boot.web.embedded.tomcat.TomcatServletWebServerFactory.<init>(TomcatServletWebServerFactory.java:138)
	at org.springframework.boot.autoconfigure.web.servlet.ServletWebServerFactoryConfiguration$EmbeddedTomcat.tomcatServletWebServerFactory(ServletWebServerFactoryConfiguration.java:73)
	at java.base/jdk.internal.reflect.DirectMethodHandleAccessor.invoke(DirectMethodHandleAccessor.java:103)
	at java.base/java.lang.reflect.Method.invoke(Method.java:580)
	at org.springframework.beans.factory.support.SimpleInstantiationStrategy.instantiate(SimpleInstantiationStrategy.java:146)
	at org.springframework.beans.factory.support.ConstructorResolver.instantiate(ConstructorResolver.java:644)
	at org.springframework.beans.factory.support.ConstructorResolver.instantiateUsingFactoryMethod(ConstructorResolver.java:636)
	at org.springframework.beans.factory.support.AbstractAutowireCapableBeanFactory.instantiateUsingFactoryMethod(AbstractAutowireCapableBeanFactory.java:1355)
	at org.springframework.beans.factory.support.AbstractAutowireCapableBeanFactory.createBeanInstance(AbstractAutowireCapableBeanFactory.java:1185)
	at org.springframework.beans.factory.support.AbstractAutowireCapableBeanFactory.doCreateBean(AbstractAutowireCapableBeanFactory.java:562)
	at org.springframework.beans.factory.support.AbstractAutowireCapableBeanFactory.createBean(AbstractAutowireCapableBeanFactory.java:522)
	at org.springframework.beans.factory.support.AbstractBeanFactory.lambda$doGetBean$0(AbstractBeanFactory.java:337)
	at org.springframework.beans.factory.support.DefaultSingletonBeanRegistry.getSingleton(DefaultSingletonBeanRegistry.java:234)
	at org.springframework.beans.factory.support.AbstractBeanFactory.doGetBean(AbstractBeanFactory.java:335)
	at org.springframework.beans.factory.support.AbstractBeanFactory.getBean(AbstractBeanFactory.java:205)
	at org.springframework.boot.web.servlet.context.ServletWebServerApplicationContext.getWebServerFactory(ServletWebServerApplicationContext.java:223)
	at org.springframework.boot.web.servlet.context.ServletWebServerApplicationContext.createWebServer(ServletWebServerApplicationContext.java:186)
	at org.springframework.boot.web.servlet.context.ServletWebServerApplicationContext.onRefresh(ServletWebServerApplicationContext.java:162)
	at org.springframework.context.support.AbstractApplicationContext.refresh(AbstractApplicationContext.java:619)
	at org.springframework.boot.web.servlet.context.ServletWebServerApplicationContext.refresh(ServletWebServerApplicationContext.java:146)
	at org.springframework.boot.SpringApplication.refresh(SpringApplication.java:754)
	at org.springframework.boot.SpringApplication.refreshContext(SpringApplication.java:456)
	at org.springframework.boot.SpringApplication.run(SpringApplication.java:335)
	at org.springframework.boot.SpringApplication.run(SpringApplication.java:1363)
	at org.springframework.boot.SpringApplication.run(SpringApplication.java:1352)
	at com.bank.mortgage.MortgageApplication.main(MortgageApplication.java:9)
	at java.base/jdk.internal.reflect.DirectMethodHandleAccessor.invoke(DirectMethodHandleAccessor.java:103)
	at java.base/java.lang.reflect.Method.invoke(Method.java:580)
	at org.springframework.boot.loader.launch.Launcher.launch(Launcher.java:102)
	at org.springframework.boot.loader.launch.Launcher.launch(Launcher.java:64)
	at org.springframework.boot.loader.launch.JarLauncher.main(JarLauncher.java:40)
[2026-05-14 17:01:44] [main] DEBUG o.s.b.f.s.DefaultListableBeanFactory - Creating shared instance of singleton bean 'websocketServletWebServerCustomizer'
[2026-05-14 17:01:44] [main] DEBUG o.s.b.f.s.DefaultListableBeanFactory - Creating shared instance of singleton bean 'org.springframework.boot.autoconfigure.websocket.servlet.WebSocketServletAutoConfiguration$TomcatWebSocketConfiguration'
[2026-05-14 17:01:44] [main] DEBUG o.s.b.f.s.DefaultListableBeanFactory - Creating shared instance of singleton bean 'servletWebServerFactoryCustomizer'
[2026-05-14 17:01:44] [main] DEBUG o.s.b.f.s.DefaultListableBeanFactory - Creating shared instance of singleton bean 'org.springframework.boot.autoconfigure.web.servlet.ServletWebServerFactoryAutoConfiguration'
[2026-05-14 17:01:44] [main] DEBUG o.s.b.f.s.DefaultListableBeanFactory - Creating shared instance of singleton bean 'server-org.springframework.boot.autoconfigure.web.ServerProperties'
[2026-05-14 17:01:44] [main] DEBUG o.s.b.f.s.DefaultListableBeanFactory - Creating shared instance of singleton bean 'org.springframework.boot.context.properties.BoundConfigurationProperties'
[2026-05-14 17:01:44] [main] DEBUG o.s.b.f.s.DefaultListableBeanFactory - Creating shared instance of singleton bean 'mapConverter'
[2026-05-14 17:01:44] [main] DEBUG o.s.b.f.s.DefaultListableBeanFactory - Creating shared instance of singleton bean 'io.opentelemetry.instrumentation.spring.autoconfigure.OpenTelemetryAutoConfiguration$OpenTelemetrySdkConfig'
[2026-05-14 17:01:44] [main] DEBUG o.s.b.f.s.DefaultListableBeanFactory - Autowiring by type from bean name 'servletWebServerFactoryCustomizer' via factory method to bean named 'server-org.springframework.boot.autoconfigure.web.ServerProperties'
[2026-05-14 17:01:44] [main] DEBUG o.s.b.f.s.DefaultListableBeanFactory - Creating shared instance of singleton bean 'sslBundleRegistry'
[2026-05-14 17:01:44] [main] DEBUG o.s.b.f.s.DefaultListableBeanFactory - Creating shared instance of singleton bean 'org.springframework.boot.autoconfigure.ssl.SslAutoConfiguration'
[2026-05-14 17:01:44] [main] DEBUG o.s.b.f.s.DefaultListableBeanFactory - Creating shared instance of singleton bean 'spring.ssl-org.springframework.boot.autoconfigure.ssl.SslProperties'
[2026-05-14 17:01:44] [main] DEBUG o.s.b.f.s.DefaultListableBeanFactory - Autowiring by type from bean name 'org.springframework.boot.autoconfigure.ssl.SslAutoConfiguration' via constructor to bean named 'org.springframework.boot.web.servlet.context.AnnotationConfigServletWebServerApplicationContext@71cf1b07'
[2026-05-14 17:01:44] [main] DEBUG o.s.b.f.s.DefaultListableBeanFactory - Autowiring by type from bean name 'org.springframework.boot.autoconfigure.ssl.SslAutoConfiguration' via constructor to bean named 'spring.ssl-org.springframework.boot.autoconfigure.ssl.SslProperties'
[2026-05-14 17:01:44] [main] DEBUG o.s.b.f.s.DefaultListableBeanFactory - Creating shared instance of singleton bean 'sslPropertiesSslBundleRegistrar'
[2026-05-14 17:01:44] [main] DEBUG o.s.b.f.s.DefaultListableBeanFactory - Creating shared instance of singleton bean 'fileWatcher'
[2026-05-14 17:01:44] [main] DEBUG o.s.b.f.s.DefaultListableBeanFactory - Autowiring by type from bean name 'sslPropertiesSslBundleRegistrar' via factory method to bean named 'fileWatcher'
[2026-05-14 17:01:44] [main] DEBUG o.s.b.f.s.DefaultListableBeanFactory - Creating shared instance of singleton bean 'tomcatServletWebServerFactoryCustomizer'
[2026-05-14 17:01:44] [main] DEBUG o.s.b.f.s.DefaultListableBeanFactory - Autowiring by type from bean name 'tomcatServletWebServerFactoryCustomizer' via factory method to bean named 'server-org.springframework.boot.autoconfigure.web.ServerProperties'
[2026-05-14 17:01:44] [main] DEBUG o.s.b.f.s.DefaultListableBeanFactory - Creating shared instance of singleton bean 'tomcatWebServerFactoryCustomizer'
[2026-05-14 17:01:44] [main] DEBUG o.s.b.f.s.DefaultListableBeanFactory - Creating shared instance of singleton bean 'org.springframework.boot.autoconfigure.web.embedded.EmbeddedWebServerFactoryCustomizerAutoConfiguration$TomcatWebServerFactoryCustomizerConfiguration'
[2026-05-14 17:01:44] [main] DEBUG o.s.b.f.s.DefaultListableBeanFactory - Autowiring by type from bean name 'tomcatWebServerFactoryCustomizer' via factory method to bean named 'environment'
[2026-05-14 17:01:44] [main] DEBUG o.s.b.f.s.DefaultListableBeanFactory - Autowiring by type from bean name 'tomcatWebServerFactoryCustomizer' via factory method to bean named 'server-org.springframework.boot.autoconfigure.web.ServerProperties'
[2026-05-14 17:01:44] [main] DEBUG o.s.b.f.s.DefaultListableBeanFactory - Creating shared instance of singleton bean 'localeCharsetMappingsCustomizer'
[2026-05-14 17:01:44] [main] DEBUG o.s.b.f.s.DefaultListableBeanFactory - Creating shared instance of singleton bean 'org.springframework.boot.autoconfigure.web.servlet.HttpEncodingAutoConfiguration'
[2026-05-14 17:01:44] [main] DEBUG o.s.b.f.s.DefaultListableBeanFactory - Autowiring by type from bean name 'org.springframework.boot.autoconfigure.web.servlet.HttpEncodingAutoConfiguration' via constructor to bean named 'server-org.springframework.boot.autoconfigure.web.ServerProperties'
[2026-05-14 17:01:44] [main] DEBUG o.s.b.f.s.DefaultListableBeanFactory - Creating shared instance of singleton bean 'errorPageCustomizer'
[2026-05-14 17:01:44] [main] DEBUG o.s.b.f.s.DefaultListableBeanFactory - Creating shared instance of singleton bean 'org.springframework.boot.autoconfigure.web.servlet.error.ErrorMvcAutoConfiguration'
[2026-05-14 17:01:44] [main] DEBUG o.s.b.f.s.DefaultListableBeanFactory - Autowiring by type from bean name 'org.springframework.boot.autoconfigure.web.servlet.error.ErrorMvcAutoConfiguration' via constructor to bean named 'server-org.springframework.boot.autoconfigure.web.ServerProperties'
[2026-05-14 17:01:44] [main] DEBUG o.s.b.f.s.DefaultListableBeanFactory - Creating shared instance of singleton bean 'dispatcherServletRegistration'
[2026-05-14 17:01:44] [main] DEBUG o.s.b.f.s.DefaultListableBeanFactory - Creating shared instance of singleton bean 'org.springframework.boot.autoconfigure.web.servlet.DispatcherServletAutoConfiguration$DispatcherServletRegistrationConfiguration'
[2026-05-14 17:01:44] [main] DEBUG o.s.b.f.s.DefaultListableBeanFactory - Creating shared instance of singleton bean 'dispatcherServlet'
[2026-05-14 17:01:44] [main] DEBUG o.s.b.f.s.DefaultListableBeanFactory - Creating shared instance of singleton bean 'org.springframework.boot.autoconfigure.web.servlet.DispatcherServletAutoConfiguration$DispatcherServletConfiguration'
[2026-05-14 17:01:44] [main] DEBUG o.s.b.f.s.DefaultListableBeanFactory - Creating shared instance of singleton bean 'spring.mvc-org.springframework.boot.autoconfigure.web.servlet.WebMvcProperties'
[2026-05-14 17:01:44] [main] DEBUG o.s.b.f.s.DefaultListableBeanFactory - Autowiring by type from bean name 'dispatcherServlet' via factory method to bean named 'spring.mvc-org.springframework.boot.autoconfigure.web.servlet.WebMvcProperties'
[2026-05-14 17:01:44] [main] DEBUG o.s.b.f.s.DefaultListableBeanFactory - Autowiring by type from bean name 'dispatcherServletRegistration' via factory method to bean named 'dispatcherServlet'
[2026-05-14 17:01:44] [main] DEBUG o.s.b.f.s.DefaultListableBeanFactory - Autowiring by type from bean name 'dispatcherServletRegistration' via factory method to bean named 'spring.mvc-org.springframework.boot.autoconfigure.web.servlet.WebMvcProperties'
[2026-05-14 17:01:44] [main] DEBUG o.s.b.f.s.DefaultListableBeanFactory - Creating shared instance of singleton bean 'multipartConfigElement'
[2026-05-14 17:01:44] [main] DEBUG o.s.b.f.s.DefaultListableBeanFactory - Creating shared instance of singleton bean 'org.springframework.boot.autoconfigure.web.servlet.MultipartAutoConfiguration'
[2026-05-14 17:01:44] [main] DEBUG o.s.b.f.s.DefaultListableBeanFactory - Creating shared instance of singleton bean 'spring.servlet.multipart-org.springframework.boot.autoconfigure.web.servlet.MultipartProperties'
[2026-05-14 17:01:44] [main] DEBUG o.s.b.f.s.DefaultListableBeanFactory - Autowiring by type from bean name 'org.springframework.boot.autoconfigure.web.servlet.MultipartAutoConfiguration' via constructor to bean named 'spring.servlet.multipart-org.springframework.boot.autoconfigure.web.servlet.MultipartProperties'
[2026-05-14 17:01:45] [main] DEBUG o.s.b.f.s.DefaultListableBeanFactory - Autowiring by type from bean name 'errorPageCustomizer' via factory method to bean named 'dispatcherServletRegistration'
[2026-05-14 17:01:45] [main] DEBUG o.a.tomcat.util.compat.Jre22Compat - Class not found so assuming code is running on a pre-Java 22 JVM
java.lang.ClassNotFoundException: java.text.ListFormat
	at java.base/java.net.URLClassLoader.findClass(URLClassLoader.java:445)
	at java.base/java.lang.ClassLoader.loadClass(ClassLoader.java:593)
	at org.springframework.boot.loader.net.protocol.jar.JarUrlClassLoader.loadClass(JarUrlClassLoader.java:107)
	at org.springframework.boot.loader.launch.LaunchedClassLoader.loadClass(LaunchedClassLoader.java:91)
	at java.base/java.lang.ClassLoader.loadClass(ClassLoader.java:526)
	at java.base/java.lang.Class.forName0(Native Method)
	at java.base/java.lang.Class.forName(Class.java:421)
	at java.base/java.lang.Class.forName(Class.java:412)
	at org.apache.tomcat.util.compat.Jre22Compat.<clinit>(Jre22Compat.java:37)
	at org.apache.tomcat.util.compat.JreCompat.<clinit>(JreCompat.java:60)
	at org.apache.catalina.startup.Tomcat.<clinit>(Tomcat.java:1193)
	at org.springframework.boot.web.embedded.tomcat.TomcatServletWebServerFactory.getWebServer(TomcatServletWebServerFactory.java:203)
	at org.springframework.boot.web.servlet.context.ServletWebServerApplicationContext.createWebServer(ServletWebServerApplicationContext.java:188)
	at org.springframework.boot.web.servlet.context.ServletWebServerApplicationContext.onRefresh(ServletWebServerApplicationContext.java:162)
	at org.springframework.context.support.AbstractApplicationContext.refresh(AbstractApplicationContext.java:619)
	at org.springframework.boot.web.servlet.context.ServletWebServerApplicationContext.refresh(ServletWebServerApplicationContext.java:146)
	at org.springframework.boot.SpringApplication.refresh(SpringApplication.java:754)
	at org.springframework.boot.SpringApplication.refreshContext(SpringApplication.java:456)
	at org.springframework.boot.SpringApplication.run(SpringApplication.java:335)
	at org.springframework.boot.SpringApplication.run(SpringApplication.java:1363)
	at org.springframework.boot.SpringApplication.run(SpringApplication.java:1352)
	at com.bank.mortgage.MortgageApplication.main(MortgageApplication.java:9)
	at java.base/jdk.internal.reflect.DirectMethodHandleAccessor.invoke(DirectMethodHandleAccessor.java:103)
	at java.base/java.lang.reflect.Method.invoke(Method.java:580)
	at org.springframework.boot.loader.launch.Launcher.launch(Launcher.java:102)
	at org.springframework.boot.loader.launch.Launcher.launch(Launcher.java:64)
	at org.springframework.boot.loader.launch.JarLauncher.main(JarLauncher.java:40)
[2026-05-14 17:01:45] [main] DEBUG o.apache.catalina.core.ContainerBase - Add container child [StandardHost[localhost]] to container [StandardEngine[Tomcat]]
[2026-05-14 17:01:45] [main] DEBUG o.s.b.w.e.t.TomcatServletWebServerFactory - Code archive: /home/eugine/Downloads/mortgage-service-starter/backend/target/mortgage-service-1.0.0.jar
[2026-05-14 17:01:45] [main] DEBUG o.s.b.w.e.t.TomcatServletWebServerFactory - Code archive: /home/eugine/Downloads/mortgage-service-starter/backend/target/mortgage-service-1.0.0.jar
[2026-05-14 17:01:45] [main] DEBUG o.s.b.w.e.t.TomcatServletWebServerFactory - None of the document roots [src/main/webapp, public, static] point to a directory and will be ignored.
[2026-05-14 17:01:45] [main] DEBUG o.apache.catalina.core.ContainerBase - Add container child [TomcatEmbeddedContext[]] to container [StandardEngine[Tomcat].StandardHost[localhost]]
[2026-05-14 17:01:45] [main] INFO  o.s.b.w.e.tomcat.TomcatWebServer - Tomcat initialized with port 8080 (http)
[2026-05-14 17:01:45] [main] INFO  o.a.catalina.core.StandardService - Starting service [Tomcat]
[2026-05-14 17:01:45] [main] INFO  o.a.catalina.core.StandardEngine - Starting Servlet engine: [Apache Tomcat/10.1.31]
[2026-05-14 17:01:45] [main] DEBUG o.a.catalina.loader.WebappLoader - Starting this Loader
[2026-05-14 17:01:45] [main] DEBUG o.a.catalina.core.StandardContext - No manager found. Checking if cluster manager should be used. Cluster configured: [false], Application distributable: [false]
[2026-05-14 17:01:45] [main] DEBUG o.a.catalina.core.StandardContext - Configured a manager of class [org.apache.catalina.session.StandardManager]
[2026-05-14 17:01:45] [main] INFO  o.a.c.c.C.[Tomcat].[localhost].[/] - Initializing Spring embedded WebApplicationContext
[2026-05-14 17:01:45] [main] DEBUG o.s.b.w.s.c.ServletWebServerApplicationContext - Published root WebApplicationContext as ServletContext attribute with name [org.springframework.web.context.WebApplicationContext.ROOT]
[2026-05-14 17:01:45] [main] INFO  o.s.b.w.s.c.ServletWebServerApplicationContext - Root WebApplicationContext: initialization completed in 4358 ms
[2026-05-14 17:01:45] [main] DEBUG o.s.b.f.s.DefaultListableBeanFactory - Creating shared instance of singleton bean 'h2Console'
[2026-05-14 17:01:45] [main] DEBUG o.s.b.f.s.DefaultListableBeanFactory - Creating shared instance of singleton bean 'org.springframework.boot.autoconfigure.h2.H2ConsoleAutoConfiguration'
[2026-05-14 17:01:45] [main] DEBUG o.s.b.f.s.DefaultListableBeanFactory - Creating shared instance of singleton bean 'spring.h2.console-org.springframework.boot.autoconfigure.h2.H2ConsoleProperties'
[2026-05-14 17:01:45] [main] DEBUG o.s.b.f.s.DefaultListableBeanFactory - Autowiring by type from bean name 'h2Console' via factory method to bean named 'spring.h2.console-org.springframework.boot.autoconfigure.h2.H2ConsoleProperties'
[2026-05-14 17:01:45] [main] DEBUG o.s.b.f.s.DefaultListableBeanFactory - Creating shared instance of singleton bean 'dataSource'
[2026-05-14 17:01:45] [main] DEBUG o.s.b.f.s.DefaultListableBeanFactory - Creating shared instance of singleton bean 'org.springframework.boot.autoconfigure.jdbc.DataSourceConfiguration$Hikari'
[2026-05-14 17:01:45] [main] DEBUG o.s.b.f.s.DefaultListableBeanFactory - Creating shared instance of singleton bean 'spring.datasource-org.springframework.boot.autoconfigure.jdbc.DataSourceProperties'
[2026-05-14 17:01:45] [main] DEBUG o.s.b.f.s.DefaultListableBeanFactory - Creating shared instance of singleton bean 'jdbcConnectionDetails'
[2026-05-14 17:01:45] [main] DEBUG o.s.b.f.s.DefaultListableBeanFactory - Creating shared instance of singleton bean 'org.springframework.boot.autoconfigure.jdbc.DataSourceAutoConfiguration$PooledDataSourceConfiguration'
[2026-05-14 17:01:45] [main] DEBUG o.s.b.f.s.DefaultListableBeanFactory - Autowiring by type from bean name 'jdbcConnectionDetails' via factory method to bean named 'spring.datasource-org.springframework.boot.autoconfigure.jdbc.DataSourceProperties'
[2026-05-14 17:01:45] [main] DEBUG o.s.b.f.s.DefaultListableBeanFactory - Autowiring by type from bean name 'dataSource' via factory method to bean named 'spring.datasource-org.springframework.boot.autoconfigure.jdbc.DataSourceProperties'
[2026-05-14 17:01:45] [main] DEBUG o.s.b.f.s.DefaultListableBeanFactory - Autowiring by type from bean name 'dataSource' via factory method to bean named 'jdbcConnectionDetails'
[2026-05-14 17:01:45] [main] DEBUG com.zaxxer.hikari.HikariConfig - Driver class org.h2.Driver found in Thread context class loader org.springframework.boot.loader.launch.LaunchedClassLoader@568db2f2
[2026-05-14 17:01:45] [main] DEBUG o.s.b.f.s.DefaultListableBeanFactory - Creating shared instance of singleton bean 'openTelemetry'
[2026-05-14 17:01:45] [main] DEBUG o.s.b.f.s.DefaultListableBeanFactory - Creating shared instance of singleton bean 'autoConfiguredOpenTelemetrySdk'
[2026-05-14 17:01:45] [main] DEBUG o.s.b.f.s.DefaultListableBeanFactory - Creating shared instance of singleton bean 'otel.exporter.otlp-io.opentelemetry.instrumentation.spring.autoconfigure.internal.properties.OtlpExporterProperties'
[2026-05-14 17:01:45] [main] DEBUG o.s.b.f.s.DefaultListableBeanFactory - Creating shared instance of singleton bean 'otel.resource-io.opentelemetry.instrumentation.spring.autoconfigure.internal.properties.OtelResourceProperties'
[2026-05-14 17:01:45] [main] DEBUG o.s.b.f.s.DefaultListableBeanFactory - Creating shared instance of singleton bean 'otel-io.opentelemetry.instrumentation.spring.autoconfigure.internal.properties.OtelSpringProperties'
[2026-05-14 17:01:45] [main] DEBUG o.s.b.f.s.DefaultListableBeanFactory - Creating shared instance of singleton bean 'openTelemetrySdkComponentLoader'
[2026-05-14 17:01:45] [main] DEBUG o.s.b.f.s.DefaultListableBeanFactory - Autowiring by type from bean name 'openTelemetrySdkComponentLoader' via factory method to bean named 'org.springframework.boot.web.servlet.context.AnnotationConfigServletWebServerApplicationContext@71cf1b07'
[2026-05-14 17:01:45] [main] DEBUG o.s.b.f.s.DefaultListableBeanFactory - Autowiring by type from bean name 'autoConfiguredOpenTelemetrySdk' via factory method to bean named 'environment'
[2026-05-14 17:01:45] [main] DEBUG o.s.b.f.s.DefaultListableBeanFactory - Autowiring by type from bean name 'autoConfiguredOpenTelemetrySdk' via factory method to bean named 'otel.exporter.otlp-io.opentelemetry.instrumentation.spring.autoconfigure.internal.properties.OtlpExporterProperties'
[2026-05-14 17:01:45] [main] DEBUG o.s.b.f.s.DefaultListableBeanFactory - Autowiring by type from bean name 'autoConfiguredOpenTelemetrySdk' via factory method to bean named 'otel.resource-io.opentelemetry.instrumentation.spring.autoconfigure.internal.properties.OtelResourceProperties'
[2026-05-14 17:01:45] [main] DEBUG o.s.b.f.s.DefaultListableBeanFactory - Autowiring by type from bean name 'autoConfiguredOpenTelemetrySdk' via factory method to bean named 'otel-io.opentelemetry.instrumentation.spring.autoconfigure.internal.properties.OtelSpringProperties'
[2026-05-14 17:01:45] [main] DEBUG o.s.b.f.s.DefaultListableBeanFactory - Autowiring by type from bean name 'autoConfiguredOpenTelemetrySdk' via factory method to bean named 'openTelemetrySdkComponentLoader'
[2026-05-14 17:01:45] [main] DEBUG o.s.b.f.s.DefaultListableBeanFactory - Creating shared instance of singleton bean 'otelSpringResourceProvider'
[2026-05-14 17:01:45] [main] DEBUG o.s.b.f.s.DefaultListableBeanFactory - Creating shared instance of singleton bean 'otelDistroVersionResourceProvider'
[2026-05-14 17:01:45] [main] DEBUG i.o.sdk.internal.JavaVersionSpecific - Using the APIs optimized for: Java 9+
[2026-05-14 17:01:45] [main] DEBUG jdk.event.security - X509Certificate: Alg:SHA256withRSA, Serial:05:f7:0e:86:da:49:f3:46:35:2e:ba:b2, Subject:CN=Trustwave Global Certification Authority, O="Trustwave Holdings, Inc.", L=Chicago, ST=Illinois, C=US, Issuer:CN=Trustwave Global Certification Authority, O="Trustwave Holdings, Inc.", L=Chicago, ST=Illinois, C=US, Key type:RSA, Length:4096, Cert Id:416366836, Valid from:8/23/17, 10:34 PM, Valid until:8/23/42, 10:34 PM
[2026-05-14 17:01:45] [main] DEBUG jdk.event.security - X509Certificate: Alg:SHA384withRSA, Serial:6e:47:a9:c6:5a:b3:e7:20:c5:30:9a:3f:68:52:f2:6f, Subject:CN=GTS Root R2, O=Google Trust Services LLC, C=US, Issuer:CN=GTS Root R2, O=Google Trust Services LLC, C=US, Key type:RSA, Length:4096, Cert Id:3143415502, Valid from:6/22/16, 3:00 AM, Valid until:6/22/36, 3:00 AM
[2026-05-14 17:01:45] [main] DEBUG jdk.event.security - X509Certificate: Alg:SHA384withECDSA, Serial:74:97:25:8a:c7:3f:7a:54, Subject:CN=AffirmTrust Premium ECC, O=AffirmTrust, C=US, Issuer:CN=AffirmTrust Premium ECC, O=AffirmTrust, C=US, Key type:EC, Length:384, Cert Id:2214603510, Valid from:1/29/10, 5:20 PM, Valid until:12/31/40, 5:20 PM
[2026-05-14 17:01:45] [main] DEBUG jdk.event.security - X509Certificate: Alg:SHA256withRSA, Serial:08:16:5f:8a:4c:a5:ec:00:c9:93:40:df:c4:c6:ae:23:b8:1c:5a:a4, Subject:CN=Hongkong Post Root CA 3, O=Hongkong Post, L=Hong Kong, ST=Hong Kong, C=HK, Issuer:CN=Hongkong Post Root CA 3, O=Hongkong Post, L=Hong Kong, ST=Hong Kong, C=HK, Key type:RSA, Length:4096, Cert Id:3393016216, Valid from:6/3/17, 5:29 AM, Valid until:6/3/42, 5:29 AM
[2026-05-14 17:01:45] [main] DEBUG jdk.event.security - X509Certificate: Alg:SHA1withRSA, Serial:00:bb:40:1c:43:f5:5e:4f:b0, Subject:CN=SwissSign Gold CA - G2, O=SwissSign AG, C=CH, Issuer:CN=SwissSign Gold CA - G2, O=SwissSign AG, C=CH, Key type:RSA, Length:4096, Cert Id:1516221943, Valid from:10/25/06, 11:30 AM, Valid until:10/25/36, 11:30 AM
[2026-05-14 17:01:45] [main] DEBUG jdk.event.security - X509Certificate: Alg:SHA1withRSA, Serial:5e:c3:b7:a6:43:7f:a4:e0, Subject:C=ES, O=ACCV, OU=PKIACCV, CN=ACCVRAIZ1, Issuer:C=ES, O=ACCV, OU=PKIACCV, CN=ACCVRAIZ1, Key type:RSA, Length:4096, Cert Id:3702856060, Valid from:5/5/11, 12:37 PM, Valid until:12/31/30, 12:37 PM
[2026-05-14 17:01:45] [main] DEBUG jdk.event.security - X509Certificate: Alg:SHA384withECDSA, Serial:66:f2:3d:af:87:de:8b:b1:4a:ea:0c:57:31:01:c2:ec, Subject:CN=Microsoft ECC Root Certificate Authority 2017, O=Microsoft Corporation, C=US, Issuer:CN=Microsoft ECC Root Certificate Authority 2017, O=Microsoft Corporation, C=US, Key type:EC, Length:384, Cert Id:3240761285, Valid from:12/19/19, 2:06 AM, Valid until:7/19/42, 2:16 AM
[2026-05-14 17:01:45] [main] DEBUG jdk.event.security - X509Certificate: Alg:SHA256withRSA, Serial:25:a1:df:ca:33:cb:59:02, Subject:CN=TrustCor RootCert CA-2, OU=TrustCor Certificate Authority, O=TrustCor Systems S. de R.L., L=Panama City, ST=Panama, C=PA, Issuer:CN=TrustCor RootCert CA-2, OU=TrustCor Certificate Authority, O=TrustCor Systems S. de R.L., L=Panama City, ST=Panama, C=PA, Key type:RSA, Length:4096, Cert Id:1646661199, Valid from:2/4/16, 3:32 PM, Valid until:12/31/34, 8:26 PM
[2026-05-14 17:01:45] [main] DEBUG jdk.event.security - X509Certificate: Alg:SHA256withRSA, Serial:76:b1:20:52:74:f0:85:87:46:b3:f8:23:1a:f6:c2:c0, Subject:CN=OISTE WISeKey Global Root GB CA, OU=OISTE Foundation Endorsed, O=WISeKey, C=CH, Issuer:CN=OISTE WISeKey Global Root GB CA, OU=OISTE Foundation Endorsed, O=WISeKey, C=CH, Key type:RSA, Length:2048, Cert Id:3681485780, Valid from:12/1/14, 6:00 PM, Valid until:12/1/39, 6:10 PM
[2026-05-14 17:01:45] [main] DEBUG jdk.event.security - X509Certificate: Alg:SHA256withRSA, Serial:00:ae:cf:00:ba:c4:cf:32:f8:43:b2, Subject:CN=emSign Root CA - C1, O=eMudhra Inc, OU=emSign PKI, C=US, Issuer:CN=emSign Root CA - C1, O=eMudhra Inc, OU=emSign PKI, C=US, Key type:RSA, Length:2048, Cert Id:3026103940, Valid from:2/18/18, 9:30 PM, Valid until:2/18/43, 9:30 PM
[2026-05-14 17:01:45] [main] DEBUG jdk.event.security - X509Certificate: Alg:SHA1withRSA, Serial:57:cb:33:6f:c2:5c:16:e6:47:16:17:e3:90:31:68:e0, Subject:CN=Network Solutions Certificate Authority, O=Network Solutions L.L.C., C=US, Issuer:CN=Network Solutions Certificate Authority, O=Network Solutions L.L.C., C=US, Key type:RSA, Length:2048, Cert Id:1751576863, Valid from:12/1/06, 3:00 AM, Valid until:1/1/30, 2:59 AM
[2026-05-14 17:01:45] [main] DEBUG jdk.event.security - X509Certificate: Alg:SHA256withECDSA, Serial:0d:6a:5f:08:3f:28:5c:3e:51:95:df:5d, Subject:CN=Trustwave Global ECC P256 Certification Authority, O="Trustwave Holdings, Inc.", L=Chicago, ST=Illinois, C=US, Issuer:CN=Trustwave Global ECC P256 Certification Authority, O="Trustwave Holdings, Inc.", L=Chicago, ST=Illinois, C=US, Key type:EC, Length:256, Cert Id:948272517, Valid from:8/23/17, 10:35 PM, Valid until:8/23/42, 10:35 PM
[2026-05-14 17:01:45] [main] DEBUG jdk.event.security - X509Certificate: Alg:SHA1withRSA, Serial:38:63:de:f8, Subject:CN=Entrust.net Certification Authority (2048), OU=(c) 1999 Entrust.net Limited, OU=www.entrust.net/CPS_2048 incorp. by ref. (limits liab.), O=Entrust.net, Issuer:CN=Entrust.net Certification Authority (2048), OU=(c) 1999 Entrust.net Limited, OU=www.entrust.net/CPS_2048 incorp. by ref. (limits liab.), O=Entrust.net, Key type:RSA, Length:2048, Cert Id:3966431214, Valid from:12/24/99, 8:50 PM, Valid until:7/24/29, 5:15 PM
[2026-05-14 17:01:45] [main] DEBUG jdk.event.security - X509Certificate: Alg:SHA256withECDSA, Serial:06:6c:9f:d5:74:97:36:66:3f:3b:0b:9a:d9:e8:9e:76:03:f2:4a, Subject:CN=Amazon Root CA 3, O=Amazon, C=US, Issuer:CN=Amazon Root CA 3, O=Amazon, C=US, Key type:EC, Length:256, Cert Id:2732679773, Valid from:5/26/15, 3:00 AM, Valid until:5/26/40, 3:00 AM
[2026-05-14 17:01:45] [main] DEBUG jdk.event.security - X509Certificate: Alg:SHA256withRSA, Serial:00:84:82:2c:5f:1c:62:d0:40, Subject:CN=TrustCor ECA-1, OU=TrustCor Certificate Authority, O=TrustCor Systems S. de R.L., L=Panama City, ST=Panama, C=PA, Issuer:CN=TrustCor ECA-1, OU=TrustCor Certificate Authority, O=TrustCor Systems S. de R.L., L=Panama City, ST=Panama, C=PA, Key type:RSA, Length:2048, Cert Id:1382581529, Valid from:2/4/16, 3:32 PM, Valid until:12/31/29, 8:28 PM
[2026-05-14 17:01:45] [main] DEBUG jdk.event.security - X509Certificate: Alg:SHA384withRSA, Serial:45:e6:bb:03:83:33:c3:85:65:48:e6:ff:45:51, Subject:CN=GlobalSign, O=GlobalSign, OU=GlobalSign Root CA - R6, Issuer:CN=GlobalSign, O=GlobalSign, OU=GlobalSign Root CA - R6, Key type:RSA, Length:4096, Cert Id:3788339543, Valid from:12/10/14, 3:00 AM, Valid until:12/10/34, 3:00 AM
[2026-05-14 17:01:45] [main] DEBUG jdk.event.security - X509Certificate: Alg:SHA256withRSA, Serial:0a:01:42:80:00:00:01:45:23:c8:44:b5:00:00:00:02, Subject:CN=IdenTrust Commercial Root CA 1, O=IdenTrust, C=US, Issuer:CN=IdenTrust Commercial Root CA 1, O=IdenTrust, C=US, Key type:RSA, Length:4096, Cert Id:1232565210, Valid from:1/16/14, 9:12 PM, Valid until:1/16/34, 9:12 PM
[2026-05-14 17:01:45] [main] DEBUG jdk.event.security - X509Certificate: Alg:SHA1withRSA, Serial:0c:f0:8e:5c:08:16:a5:ad:42:7f:f0:eb:27:18:59:d0, Subject:CN=SecureTrust CA, O=SecureTrust Corporation, C=US, Issuer:CN=SecureTrust CA, O=SecureTrust Corporation, C=US, Key type:RSA, Length:2048, Cert Id:2034155325, Valid from:11/7/06, 10:31 PM, Valid until:12/31/29, 10:40 PM
[2026-05-14 17:01:45] [main] DEBUG jdk.event.security - X509Certificate: Alg:SHA1withRSA, Serial:08:3b:e0:56:90:42:46:b1:a1:75:6a:c9:59:91:c7:4a, Subject:CN=DigiCert Global Root CA, OU=www.digicert.com, O=DigiCert Inc, C=US, Issuer:CN=DigiCert Global Root CA, OU=www.digicert.com, O=DigiCert Inc, C=US, Key type:RSA, Length:2048, Cert Id:1341898239, Valid from:11/10/06, 3:00 AM, Valid until:11/10/31, 3:00 AM
[2026-05-14 17:01:45] [main] DEBUG jdk.event.security - X509Certificate: Alg:SHA256withRSA, Serial:77:77:06:27:26:a9:b1:7c, Subject:CN=AffirmTrust Commercial, O=AffirmTrust, C=US, Issuer:CN=AffirmTrust Commercial, O=AffirmTrust, C=US, Key type:RSA, Length:2048, Cert Id:630485644, Valid from:1/29/10, 5:06 PM, Valid until:12/31/30, 5:06 PM
[2026-05-14 17:01:45] [main] DEBUG jdk.event.security - X509Certificate: Alg:SHA256withECDSA, Serial:01:54:48:ef:21:fd:97:59:0d:f5:04:0a, Subject:CN=e-Szigno Root CA 2017, OID.2.5.4.97=VATHU-23584497, O=Microsec Ltd., L=Budapest, C=HU, Issuer:CN=e-Szigno Root CA 2017, OID.2.5.4.97=VATHU-23584497, O=Microsec Ltd., L=Budapest, C=HU, Key type:EC, Length:256, Cert Id:3303793581, Valid from:8/22/17, 3:07 PM, Valid until:8/22/42, 3:07 PM
[2026-05-14 17:01:45] [main] DEBUG jdk.event.security - X509Certificate: Alg:SHA256withRSA, Serial:5d:df:b1:da:5a:a3:ed:5d:be:5a:65:20:65:03:90:ef, Subject:CN=UCA Global G2 Root, O=UniTrust, C=CN, Issuer:CN=UCA Global G2 Root, O=UniTrust, C=CN, Key type:RSA, Length:4096, Cert Id:1844967193, Valid from:3/11/16, 3:00 AM, Valid until:12/31/40, 3:00 AM
[2026-05-14 17:01:45] [main] DEBUG jdk.event.security - X509Certificate: Alg:SHA384withRSA, Serial:6e:47:a9:c5:4b:47:0c:0d:ec:33:d0:89:b9:1c:f4:e1, Subject:CN=GTS Root R1, O=Google Trust Services LLC, C=US, Issuer:CN=GTS Root R1, O=Google Trust Services LLC, C=US, Key type:RSA, Length:4096, Cert Id:2610914391, Valid from:6/22/16, 3:00 AM, Valid until:6/22/36, 3:00 AM
[2026-05-14 17:01:45] [main] DEBUG jdk.event.security - X509Certificate: Alg:SHA1withRSA, Serial:50:94:6c:ec:18:ea:d5:9c:4d:d5:97:ef:75:8f:a0:ad, Subject:CN=XRamp Global Certification Authority, O=XRamp Security Services Inc, OU=www.xrampsecurity.com, C=US, Issuer:CN=XRamp Global Certification Authority, O=XRamp Security Services Inc, OU=www.xrampsecurity.com, C=US, Key type:RSA, Length:2048, Cert Id:3342493210, Valid from:11/1/04, 8:14 PM, Valid until:1/1/35, 8:37 AM
[2026-05-14 17:01:45] [main] DEBUG jdk.event.security - X509Certificate: Alg:SHA256withECDSA, Serial:75:e6:df:cb:c1:68:5b:a8, Subject:CN=SSL.com Root Certification Authority ECC, O=SSL Corporation, L=Houston, ST=Texas, C=US, Issuer:CN=SSL.com Root Certification Authority ECC, O=SSL Corporation, L=Houston, ST=Texas, C=US, Key type:EC, Length:384, Cert Id:2926673683, Valid from:2/12/16, 9:14 PM, Valid until:2/12/41, 9:14 PM
[2026-05-14 17:01:45] [main] DEBUG jdk.event.security - X509Certificate: Alg:SHA256withRSA, Serial:00:92:b8:88:db:b0:8a:c1:63, Subject:CN=CA Disig Root R2, O=Disig a.s., L=Bratislava, C=SK, Issuer:CN=CA Disig Root R2, O=Disig a.s., L=Bratislava, C=SK, Key type:RSA, Length:4096, Cert Id:747175721, Valid from:7/19/12, 12:15 PM, Valid until:7/19/42, 12:15 PM
[2026-05-14 17:01:45] [main] DEBUG jdk.event.security - X509Certificate: Alg:SHA1withRSA, Serial:05:c6, Subject:CN=QuoVadis Root CA 3, O=QuoVadis Limited, C=BM, Issuer:CN=QuoVadis Root CA 3, O=QuoVadis Limited, C=BM, Key type:RSA, Length:4096, Cert Id:1470392860, Valid from:11/24/06, 10:11 PM, Valid until:11/24/31, 10:06 PM
[2026-05-14 17:01:45] [main] DEBUG jdk.event.security - X509Certificate: Alg:SHA1withRSA, Serial:00, Subject:OU=Starfield Class 2 Certification Authority, O="Starfield Technologies, Inc.", C=US, Issuer:OU=Starfield Class 2 Certification Authority, O="Starfield Technologies, Inc.", C=US, Key type:RSA, Length:2048, Cert Id:1825617644, Valid from:6/29/04, 8:39 PM, Valid until:6/29/34, 8:39 PM
[2026-05-14 17:01:45] [main] DEBUG jdk.event.security - X509Certificate: Alg:SHA256withRSA, Serial:00:da:9b:ec:71:f3:03:b0:19, Subject:CN=TrustCor RootCert CA-1, OU=TrustCor Certificate Authority, O=TrustCor Systems S. de R.L., L=Panama City, ST=Panama, C=PA, Issuer:CN=TrustCor RootCert CA-1, OU=TrustCor Certificate Authority, O=TrustCor Systems S. de R.L., L=Panama City, ST=Panama, C=PA, Key type:RSA, Length:2048, Cert Id:1332877130, Valid from:2/4/16, 3:32 PM, Valid until:12/31/29, 8:23 PM
[2026-05-14 17:01:45] [main] DEBUG jdk.event.security - X509Certificate: Alg:SHA256withRSA, Serial:00, Subject:CN=Starfield Services Root Certificate Authority - G2, O="Starfield Technologies, Inc.", L=Scottsdale, ST=Arizona, C=US, Issuer:CN=Starfield Services Root Certificate Authority - G2, O="Starfield Technologies, Inc.", L=Scottsdale, ST=Arizona, C=US, Key type:RSA, Length:2048, Cert Id:1964785574, Valid from:9/1/09, 3:00 AM, Valid until:1/1/38, 2:59 AM
[2026-05-14 17:01:45] [main] DEBUG jdk.event.security - X509Certificate: Alg:SHA1withRSA, Serial:45:6b:50:54, Subject:CN=Entrust Root Certification Authority, OU="(c) 2006 Entrust, Inc.", OU=www.entrust.net/CPS is incorporated by reference, O="Entrust, Inc.", C=US, Issuer:CN=Entrust Root Certification Authority, OU="(c) 2006 Entrust, Inc.", OU=www.entrust.net/CPS is incorporated by reference, O="Entrust, Inc.", C=US, Key type:RSA, Length:2048, Cert Id:3033563200, Valid from:11/27/06, 11:23 PM, Valid until:11/27/26, 11:53 PM
[2026-05-14 17:01:45] [main] DEBUG jdk.event.security - X509Certificate: Alg:SHA256withRSA, Serial:5a:4b:bd:5a:fb:4f:8a:5b:fa:65:e5, Subject:CN=GLOBALTRUST 2020, O=e-commerce monitoring GmbH, C=AT, Issuer:CN=GLOBALTRUST 2020, O=e-commerce monitoring GmbH, C=AT, Key type:RSA, Length:4096, Cert Id:3772720413, Valid from:2/10/20, 3:00 AM, Valid until:6/10/40, 3:00 AM
[2026-05-14 17:01:45] [main] DEBUG jdk.event.security - X509Certificate: Alg:SHA256withRSA, Serial:11:00:34:b6:4e:c6:36:2d:36, Subject:OU=certSIGN ROOT CA G2, O=CERTSIGN SA, C=RO, Issuer:OU=certSIGN ROOT CA G2, O=CERTSIGN SA, C=RO, Key type:RSA, Length:4096, Cert Id:2181086866, Valid from:2/6/17, 12:27 PM, Valid until:2/6/42, 12:27 PM
[2026-05-14 17:01:45] [main] DEBUG jdk.event.security - X509Certificate: Alg:SHA256withRSA, Serial:5c:33:cb:62:2c:5f:b3:32, Subject:C=DE, O=Atos, CN=Atos TrustedRoot 2011, Issuer:C=DE, O=Atos, CN=Atos TrustedRoot 2011, Key type:RSA, Length:2048, Cert Id:4266438672, Valid from:7/7/11, 5:58 PM, Valid until:1/1/31, 2:59 AM
[2026-05-14 17:01:45] [main] DEBUG jdk.event.security - X509Certificate: Alg:SHA384withRSA, Serial:06:6c:9f:d2:96:35:86:9f:0a:0f:e5:86:78:f8:5b:26:bb:8a:37, Subject:CN=Amazon Root CA 2, O=Amazon, C=US, Issuer:CN=Amazon Root CA 2, O=Amazon, C=US, Key type:RSA, Length:4096, Cert Id:2528834908, Valid from:5/26/15, 3:00 AM, Valid until:5/26/40, 3:00 AM
[2026-05-14 17:01:45] [main] DEBUG jdk.event.security - X509Certificate: Alg:SHA256withRSA, Serial:01, Subject:CN=T-TeleSec GlobalRoot Class 3, OU=T-Systems Trust Center, O=T-Systems Enterprise Services GmbH, C=DE, Issuer:CN=T-TeleSec GlobalRoot Class 3, OU=T-Systems Trust Center, O=T-Systems Enterprise Services GmbH, C=DE, Key type:RSA, Length:2048, Cert Id:1894096264, Valid from:10/1/08, 1:29 PM, Valid until:10/2/33, 2:59 AM
[2026-05-14 17:01:45] [main] DEBUG jdk.event.security - X509Certificate: Alg:SHA1withRSA, Serial:0c:e7:e0:e5:17:d8:46:fe:8f:e5:60:fc:1b:f0:30:39, Subject:CN=DigiCert Assured ID Root CA, OU=www.digicert.com, O=DigiCert Inc, C=US, Issuer:CN=DigiCert Assured ID Root CA, OU=www.digicert.com, O=DigiCert Inc, C=US, Key type:RSA, Length:2048, Cert Id:3434562768, Valid from:11/10/06, 3:00 AM, Valid until:11/10/31, 3:00 AM
[2026-05-14 17:01:45] [main] DEBUG jdk.event.security - X509Certificate: Alg:SHA384withRSA, Serial:01:94:30:1e:a2:0b:dd:f5:c5:33:2a:b1:43:44:71:f8:d6:50:4d:0d, Subject:CN=NAVER Global Root Certification Authority, O=NAVER BUSINESS PLATFORM Corp., C=KR, Issuer:CN=NAVER Global Root Certification Authority, O=NAVER BUSINESS PLATFORM Corp., C=KR, Key type:RSA, Length:4096, Cert Id:1777546867, Valid from:8/18/17, 11:58 AM, Valid until:8/19/37, 2:59 AM
[2026-05-14 17:01:45] [main] DEBUG jdk.event.security - X509Certificate: Alg:SHA1withRSA, Serial:00:fe:dc:e3:01:0f:c9:48:ff, Subject:CN=Certigna, O=Dhimyotis, C=FR, Issuer:CN=Certigna, O=Dhimyotis, C=FR, Key type:RSA, Length:2048, Cert Id:3506875840, Valid from:6/29/07, 6:13 PM, Valid until:6/29/27, 6:13 PM
[2026-05-14 17:01:45] [main] DEBUG jdk.event.security - X509Certificate: Alg:SHA256withRSA, Serial:6a:68:3e:9c:51:9b:cb:53, Subject:CN=E-Tugra Certification Authority, OU=E-Tugra Sertifikasyon Merkezi, O=E-Tuğra EBG Bilişim Teknolojileri ve Hizmetleri A.Ş., L=Ankara, C=TR, Issuer:CN=E-Tugra Certification Authority, OU=E-Tugra Sertifikasyon Merkezi, O=E-Tuğra EBG Bilişim Teknolojileri ve Hizmetleri A.Ş., L=Ankara, C=TR, Key type:RSA, Length:4096, Cert Id:3621584917, Valid from:3/5/13, 3:09 PM, Valid until:3/3/23, 3:09 PM
[2026-05-14 17:01:45] [main] DEBUG jdk.event.security - X509Certificate: Alg:SHA1withRSA, Serial:00, Subject:CN=Hellenic Academic and Research Institutions RootCA 2011, O=Hellenic Academic and Research Institutions Cert. Authority, C=GR, Issuer:CN=Hellenic Academic and Research Institutions RootCA 2011, O=Hellenic Academic and Research Institutions Cert. Authority, C=GR, Key type:RSA, Length:2048, Cert Id:2453477823, Valid from:12/6/11, 4:49 PM, Valid until:12/1/31, 4:49 PM
[2026-05-14 17:01:45] [main] DEBUG jdk.event.security - X509Certificate: Alg:SHA256withRSA, Serial:02, Subject:CN=Buypass Class 2 Root CA, O=Buypass AS-983163327, C=NO, Issuer:CN=Buypass Class 2 Root CA, O=Buypass AS-983163327, C=NO, Key type:RSA, Length:4096, Cert Id:969960563, Valid from:10/26/10, 11:38 AM, Valid until:10/26/40, 11:38 AM
[2026-05-14 17:01:45] [main] DEBUG jdk.event.security - X509Certificate: Alg:SHA256withRSA, Serial:78:58:5f:2e:ad:2c:19:4b:e3:37:07:35:34:13:28:b5:96:d4:65:93, Subject:CN=QuoVadis Root CA 1 G3, O=QuoVadis Limited, C=BM, Issuer:CN=QuoVadis Root CA 1 G3, O=QuoVadis Limited, C=BM, Key type:RSA, Length:4096, Cert Id:3532531262, Valid from:1/12/12, 8:27 PM, Valid until:1/12/42, 8:27 PM
[2026-05-14 17:01:45] [main] DEBUG jdk.event.security - X509Certificate: Alg:SHA256withRSA, Serial:00:98:96:8d, Subject:CN=Staat der Nederlanden EV Root CA, O=Staat der Nederlanden, C=NL, Issuer:CN=Staat der Nederlanden EV Root CA, O=Staat der Nederlanden, C=NL, Key type:RSA, Length:4096, Cert Id:1444801426, Valid from:12/8/10, 2:19 PM, Valid until:12/8/22, 2:10 PM
[2026-05-14 17:01:45] [main] DEBUG jdk.event.security - X509Certificate: Alg:SHA256withRSA, Serial:2e:f5:9b:02:28:a7:db:7a:ff:d5:a3:a9:ee:bd:03:a0:cf:12:6a:1d, Subject:CN=QuoVadis Root CA 3 G3, O=QuoVadis Limited, C=BM, Issuer:CN=QuoVadis Root CA 3 G3, O=QuoVadis Limited, C=BM, Key type:RSA, Length:4096, Cert Id:3589344305, Valid from:1/12/12, 11:26 PM, Valid until:1/12/42, 11:26 PM
[2026-05-14 17:01:45] [main] DEBUG jdk.event.security - X509Certificate: Alg:SHA1withRSA, Serial:ee:2b:3d:eb:d4:21:de:14:a8:62:ac:04:f3:dd:c4:01, Subject:CN=EC-ACC, OU=Jerarquia Entitats de Certificacio Catalanes, OU=Vegeu https://www.catcert.net/verarrel (c)03, OU=Serveis Publics de Certificacio, O=Agencia Catalana de Certificacio (NIF Q-0801176-I), C=ES, Issuer:CN=EC-ACC, OU=Jerarquia Entitats de Certificacio Catalanes, OU=Vegeu https://www.catcert.net/verarrel (c)03, OU=Serveis Publics de Certificacio, O=Agencia Catalana de Certificacio (NIF Q-0801176-I), C=ES, Key type:RSA, Length:2048, Cert Id:1077306647, Valid from:1/8/03, 2:00 AM, Valid until:1/8/31, 1:59 AM
[2026-05-14 17:01:45] [main] DEBUG jdk.event.security - X509Certificate: Alg:SHA256withRSA, Serial:0d:d3:e3:bc:6c:f9:6b:b1, Subject:CN=ANF Secure Server Root CA, OU=ANF CA Raiz, O=ANF Autoridad de Certificacion, C=ES, SERIALNUMBER=G63287510, Issuer:CN=ANF Secure Server Root CA, OU=ANF CA Raiz, O=ANF Autoridad de Certificacion, C=ES, SERIALNUMBER=G63287510, Key type:RSA, Length:4096, Cert Id:3453317601, Valid from:9/4/19, 1:00 PM, Valid until:8/30/39, 1:00 PM
[2026-05-14 17:01:45] [main] DEBUG jdk.event.security - X509Certificate: Alg:SHA384withRSA, Serial:01:fd:6d:30:fc:a3:ca:51:a8:1b:bc:64:0e:35:03:2d, Subject:CN=USERTrust RSA Certification Authority, O=The USERTRUST Network, L=Jersey City, ST=New Jersey, C=US, Issuer:CN=USERTrust RSA Certification Authority, O=The USERTRUST Network, L=Jersey City, ST=New Jersey, C=US, Key type:RSA, Length:4096, Cert Id:3947601401, Valid from:2/1/10, 3:00 AM, Valid until:1/19/38, 2:59 AM
[2026-05-14 17:01:45] [main] DEBUG jdk.event.security - X509Certificate: Alg:SHA1withRSA, Serial:4e:81:2d:8a:82:65:e0:0b:02:ee:3e:35:02:46:e5:3d, Subject:CN=COMODO Certification Authority, O=COMODO CA Limited, L=Salford, ST=Greater Manchester, C=GB, Issuer:CN=COMODO Certification Authority, O=COMODO CA Limited, L=Salford, ST=Greater Manchester, C=GB, Key type:RSA, Length:2048, Cert Id:904304908, Valid from:12/1/06, 3:00 AM, Valid until:1/1/30, 2:59 AM
[2026-05-14 17:01:45] [main] DEBUG jdk.event.security - X509Certificate: Alg:SHA256withRSA, Serial:49:41:2c:e4:00:10, Subject:CN=NetLock Arany (Class Gold) Főtanúsítvány, OU=Tanúsítványkiadók (Certification Services), O=NetLock Kft., L=Budapest, C=HU, Issuer:CN=NetLock Arany (Class Gold) Főtanúsítvány, OU=Tanúsítványkiadók (Certification Services), O=NetLock Kft., L=Budapest, C=HU, Key type:RSA, Length:2048, Cert Id:58541246, Valid from:12/11/08, 6:08 PM, Valid until:12/6/28, 6:08 PM
[2026-05-14 17:01:45] [main] DEBUG jdk.event.security - X509Certificate: Alg:SHA384withECDSA, Serial:00:a6:8b:79:29:00:00:00:00:50:d0:91:f9, Subject:CN=Entrust Root Certification Authority - EC1, OU="(c) 2012 Entrust, Inc. - for authorized use only", OU=See www.entrust.net/legal-terms, O="Entrust, Inc.", C=US, Issuer:CN=Entrust Root Certification Authority - EC1, OU="(c) 2012 Entrust, Inc. - for authorized use only", OU=See www.entrust.net/legal-terms, O="Entrust, Inc.", C=US, Key type:EC, Length:384, Cert Id:924514073, Valid from:12/18/12, 6:25 PM, Valid until:12/18/37, 6:55 PM
[2026-05-14 17:01:45] [main] DEBUG jdk.event.security - X509Certificate: Alg:SHA1withRSA, Serial:03:e8, Subject:CN=Hongkong Post Root CA 1, O=Hongkong Post, C=HK, Issuer:CN=Hongkong Post Root CA 1, O=Hongkong Post, C=HK, Key type:RSA, Length:2048, Cert Id:2868141046, Valid from:5/15/03, 8:13 AM, Valid until:5/15/23, 7:52 AM
[2026-05-14 17:01:45] [main] DEBUG jdk.event.security - X509Certificate: Alg:SHA1withRSA, Serial:01, Subject:CN=TWCA Root Certification Authority, OU=Root CA, O=TAIWAN-CA, C=TW, Issuer:CN=TWCA Root Certification Authority, OU=Root CA, O=TAIWAN-CA, C=TW, Key type:RSA, Length:2048, Cert Id:2652873033, Valid from:8/28/08, 10:24 AM, Valid until:12/31/30, 6:59 PM
[2026-05-14 17:01:45] [main] DEBUG jdk.event.security - X509Certificate: Alg:SHA384withECDSA, Serial:5c:8b:99:c5:5a:94:c5:d2:71:56:de:cd:89:80:cc:26, Subject:CN=USERTrust ECC Certification Authority, O=The USERTRUST Network, L=Jersey City, ST=New Jersey, C=US, Issuer:CN=USERTrust ECC Certification Authority, O=The USERTRUST Network, L=Jersey City, ST=New Jersey, C=US, Key type:EC, Length:384, Cert Id:3329287386, Valid from:2/1/10, 3:00 AM, Valid until:1/19/38, 2:59 AM
[2026-05-14 17:01:45] [main] DEBUG jdk.event.security - X509Certificate: Alg:SHA256withRSA, Serial:00, Subject:CN=Starfield Root Certificate Authority - G2, O="Starfield Technologies, Inc.", L=Scottsdale, ST=Arizona, C=US, Issuer:CN=Starfield Root Certificate Authority - G2, O="Starfield Technologies, Inc.", L=Scottsdale, ST=Arizona, C=US, Key type:RSA, Length:2048, Cert Id:3268325709, Valid from:9/1/09, 3:00 AM, Valid until:1/1/38, 2:59 AM
[2026-05-14 17:01:45] [main] DEBUG jdk.event.security - X509Certificate: Alg:SHA1withRSA, Serial:05:09, Subject:CN=QuoVadis Root CA 2, O=QuoVadis Limited, C=BM, Issuer:CN=QuoVadis Root CA 2, O=QuoVadis Limited, C=BM, Key type:RSA, Length:4096, Cert Id:338250116, Valid from:11/24/06, 9:27 PM, Valid until:11/24/31, 9:23 PM
[2026-05-14 17:01:45] [main] DEBUG jdk.event.security - X509Certificate: Alg:SHA1withRSA, Serial:04:44:c0, Subject:CN=Certum Trusted Network CA, OU=Certum Certification Authority, O=Unizeto Technologies S.A., C=PL, Issuer:CN=Certum Trusted Network CA, OU=Certum Certification Authority, O=Unizeto Technologies S.A., C=PL, Key type:RSA, Length:2048, Cert Id:2014002193, Valid from:10/22/08, 3:07 PM, Valid until:12/31/29, 3:07 PM
[2026-05-14 17:01:45] [main] DEBUG jdk.event.security - X509Certificate: Alg:SHA256withRSA, Serial:67:db:09:34:1c:21:f0:c2:df:47:b9:92:86:4d:81:6e:1e:99:2d:00, Subject:CN=ubuntu, Issuer:CN=ubuntu, Key type:RSA, Length:2048, Cert Id:3339382844, Valid from:10/9/20, 6:43 AM, Valid until:10/7/30, 6:43 AM
[2026-05-14 17:01:45] [main] DEBUG jdk.event.security - X509Certificate: Alg:SHA256withRSA, Serial:00:c2:7e:43:04:4e:47:3f:19, Subject:EMAILADDRESS=info@e-szigno.hu, CN=Microsec e-Szigno Root CA 2009, O=Microsec Ltd., L=Budapest, C=HU, Issuer:EMAILADDRESS=info@e-szigno.hu, CN=Microsec e-Szigno Root CA 2009, O=Microsec Ltd., L=Budapest, C=HU, Key type:RSA, Length:2048, Cert Id:2391017284, Valid from:6/16/09, 2:30 PM, Valid until:12/30/29, 2:30 PM
[2026-05-14 17:01:45] [main] DEBUG jdk.event.security - X509Certificate: Alg:SHA1withRSA, Serial:00:95:be:16:a0:f7:2e:46:f1:7b:39:82:72:fa:8b:cd:96, Subject:CN=TeliaSonera Root CA v1, O=TeliaSonera, Issuer:CN=TeliaSonera Root CA v1, O=TeliaSonera, Key type:RSA, Length:4096, Cert Id:1495358374, Valid from:10/18/07, 3:00 PM, Valid until:10/18/32, 3:00 PM
[2026-05-14 17:01:45] [main] DEBUG jdk.event.security - X509Certificate: Alg:SHA384withECDSA, Serial:60:59:49:e0:26:2e:bb:55:f9:0a:77:8a:71:f9:4a:d8:6c, Subject:CN=GlobalSign, O=GlobalSign, OU=GlobalSign ECC Root CA - R5, Issuer:CN=GlobalSign, O=GlobalSign, OU=GlobalSign ECC Root CA - R5, Key type:EC, Length:384, Cert Id:1997048439, Valid from:11/13/12, 3:00 AM, Valid until:1/19/38, 6:14 AM
[2026-05-14 17:01:45] [main] DEBUG jdk.event.security - X509Certificate: Alg:SHA384withECDSA, Serial:05:55:56:bc:f2:5e:a4:35:35:c3:a4:0f:d5:ab:45:72, Subject:CN=DigiCert Global Root G3, OU=www.digicert.com, O=DigiCert Inc, C=US, Issuer:CN=DigiCert Global Root G3, OU=www.digicert.com, O=DigiCert Inc, C=US, Key type:EC, Length:384, Cert Id:3498998753, Valid from:8/1/13, 3:00 PM, Valid until:1/15/38, 3:00 PM
[2026-05-14 17:01:45] [main] DEBUG jdk.event.security - X509Certificate: Alg:SHA256withRSA, Serial:06:6c:9f:cf:99:bf:8c:0a:39:e2:f0:78:8a:43:e6:96:36:5b:ca, Subject:CN=Amazon Root CA 1, O=Amazon, C=US, Issuer:CN=Amazon Root CA 1, O=Amazon, C=US, Key type:RSA, Length:2048, Cert Id:2822522334, Valid from:5/26/15, 3:00 AM, Valid until:1/17/38, 3:00 AM
[2026-05-14 17:01:45] [main] DEBUG jdk.event.security - X509Certificate: Alg:SHA256withRSA, Serial:09:83:f4, Subject:CN=D-TRUST Root Class 3 CA 2 EV 2009, O=D-Trust GmbH, C=DE, Issuer:CN=D-TRUST Root Class 3 CA 2 EV 2009, O=D-Trust GmbH, C=DE, Key type:RSA, Length:2048, Cert Id:971313728, Valid from:11/5/09, 11:50 AM, Valid until:11/5/29, 11:50 AM
[2026-05-14 17:01:45] [main] DEBUG jdk.event.security - X509Certificate: Alg:SHA256withRSA, Serial:01, Subject:CN=T-TeleSec GlobalRoot Class 2, OU=T-Systems Trust Center, O=T-Systems Enterprise Services GmbH, C=DE, Issuer:CN=T-TeleSec GlobalRoot Class 2, OU=T-Systems Trust Center, O=T-Systems Enterprise Services GmbH, C=DE, Key type:RSA, Length:2048, Cert Id:3056503257, Valid from:10/1/08, 1:40 PM, Valid until:10/2/33, 2:59 AM
[2026-05-14 17:01:45] [main] DEBUG jdk.event.security - X509Certificate: Alg:SHA384withECDSA, Serial:08:bd:85:97:6c:99:27:a4:80:68:47:3b, Subject:CN=Trustwave Global ECC P384 Certification Authority, O="Trustwave Holdings, Inc.", L=Chicago, ST=Illinois, C=US, Issuer:CN=Trustwave Global ECC P384 Certification Authority, O="Trustwave Holdings, Inc.", L=Chicago, ST=Illinois, C=US, Key type:EC, Length:384, Cert Id:2301042373, Valid from:8/23/17, 10:36 PM, Valid until:8/23/42, 10:36 PM
[2026-05-14 17:01:45] [main] DEBUG jdk.event.security - X509Certificate: Alg:SHA384withECDSA, Serial:21:2a:56:0c:ae:da:0c:ab:40:45:bf:2b:a2:2d:3a:ea, Subject:CN=OISTE WISeKey Global Root GC CA, OU=OISTE Foundation Endorsed, O=WISeKey, C=CH, Issuer:CN=OISTE WISeKey Global Root GC CA, OU=OISTE Foundation Endorsed, O=WISeKey, C=CH, Key type:EC, Length:384, Cert Id:2781801839, Valid from:5/9/17, 12:48 PM, Valid until:5/9/42, 12:58 PM
[2026-05-14 17:01:45] [main] DEBUG jdk.event.security - X509Certificate: Alg:SHA1withRSA, Serial:01, Subject:CN=SecureSign RootCA11, O="Japan Certification Services, Inc.", C=JP, Issuer:CN=SecureSign RootCA11, O="Japan Certification Services, Inc.", C=JP, Key type:RSA, Length:2048, Cert Id:2079057034, Valid from:4/8/09, 7:56 AM, Valid until:4/8/29, 7:56 AM
[2026-05-14 17:01:45] [main] DEBUG jdk.event.security - X509Certificate: Alg:SHA256withRSA, Serial:18:4a:cc:d6, Subject:CN=CFCA EV ROOT, O=China Financial Certification Authority, C=CN, Issuer:CN=CFCA EV ROOT, O=China Financial Certification Authority, C=CN, Key type:RSA, Length:4096, Cert Id:551407782, Valid from:8/8/12, 6:07 AM, Valid until:12/31/29, 6:07 AM
[2026-05-14 17:01:45] [main] DEBUG jdk.event.security - X509Certificate: Alg:SHA512withRSA, Serial:21:d6:d0:4a:4f:25:0f:c9:32:37:fc:aa:5e:12:8d:e9, Subject:CN=Certum Trusted Network CA 2, OU=Certum Certification Authority, O=Unizeto Technologies S.A., C=PL, Issuer:CN=Certum Trusted Network CA 2, OU=Certum Certification Authority, O=Unizeto Technologies S.A., C=PL, Key type:RSA, Length:4096, Cert Id:1983350452, Valid from:10/6/11, 11:39 AM, Valid until:10/6/46, 11:39 AM
[2026-05-14 17:01:45] [main] DEBUG jdk.event.security - X509Certificate: Alg:SHA256withRSA, Serial:09:83:f3, Subject:CN=D-TRUST Root Class 3 CA 2 2009, O=D-Trust GmbH, C=DE, Issuer:CN=D-TRUST Root Class 3 CA 2 2009, O=D-Trust GmbH, C=DE, Key type:RSA, Length:2048, Cert Id:1430153102, Valid from:11/5/09, 11:35 AM, Valid until:11/5/29, 11:35 AM
[2026-05-14 17:01:45] [main] DEBUG jdk.event.security - X509Certificate: Alg:SHA256withRSA, Serial:7d:09:97:fe:f0:47:ea:7a, Subject:CN=GDCA TrustAUTH R5 ROOT, O="GUANG DONG CERTIFICATE AUTHORITY CO.,LTD.", C=CN, Issuer:CN=GDCA TrustAUTH R5 ROOT, O="GUANG DONG CERTIFICATE AUTHORITY CO.,LTD.", C=CN, Key type:RSA, Length:4096, Cert Id:494136981, Valid from:11/26/14, 8:13 AM, Valid until:12/31/40, 6:59 PM
[2026-05-14 17:01:45] [main] DEBUG jdk.event.security - X509Certificate: Alg:SHA256withRSA, Serial:00, Subject:CN=Hellenic Academic and Research Institutions RootCA 2015, O=Hellenic Academic and Research Institutions Cert. Authority, L=Athens, C=GR, Issuer:CN=Hellenic Academic and Research Institutions RootCA 2015, O=Hellenic Academic and Research Institutions Cert. Authority, L=Athens, C=GR, Key type:RSA, Length:4096, Cert Id:3491990565, Valid from:7/7/15, 1:11 PM, Valid until:6/30/40, 1:11 PM
[2026-05-14 17:01:45] [main] DEBUG jdk.event.security - X509Certificate: Alg:SHA384withRSA, Serial:1e:d3:97:09:5f:d8:b4:b3:47:70:1e:aa:be:7f:45:b3, Subject:CN=Microsoft RSA Root Certificate Authority 2017, O=Microsoft Corporation, C=US, Issuer:CN=Microsoft RSA Root Certificate Authority 2017, O=Microsoft Corporation, C=US, Key type:RSA, Length:4096, Cert Id:2848349048, Valid from:12/19/19, 1:51 AM, Valid until:7/19/42, 2:00 AM
[2026-05-14 17:01:45] [main] DEBUG jdk.event.security - X509Certificate: Alg:SHA384withRSA, Serial:11:d2:bb:b9:d7:23:18:9e:40:5f:0a:9d:2d:d0:df:25:67:d1, Subject:CN=GlobalSign Root R46, O=GlobalSign nv-sa, C=BE, Issuer:CN=GlobalSign Root R46, O=GlobalSign nv-sa, C=BE, Key type:RSA, Length:4096, Cert Id:1275948927, Valid from:3/20/19, 3:00 AM, Valid until:3/20/46, 3:00 AM
[2026-05-14 17:01:45] [main] DEBUG jdk.event.security - X509Certificate: Alg:SHA384withECDSA, Serial:0b:a1:5a:fa:1d:df:a0:b5:49:44:af:cd:24:a0:6c:ec, Subject:CN=DigiCert Assured ID Root G3, OU=www.digicert.com, O=DigiCert Inc, C=US, Issuer:CN=DigiCert Assured ID Root G3, OU=www.digicert.com, O=DigiCert Inc, C=US, Key type:EC, Length:384, Cert Id:3649430051, Valid from:8/1/13, 3:00 PM, Valid until:1/15/38, 3:00 PM
[2026-05-14 17:01:45] [main] DEBUG jdk.event.security - X509Certificate: Alg:SHA1withRSA, Serial:4f:1b:d4:2f:54:bb:2f:4b, Subject:CN=SwissSign Silver CA - G2, O=SwissSign AG, C=CH, Issuer:CN=SwissSign Silver CA - G2, O=SwissSign AG, C=CH, Key type:RSA, Length:4096, Cert Id:126726124, Valid from:10/25/06, 11:32 AM, Valid until:10/25/36, 11:32 AM
[2026-05-14 17:01:46] [main] DEBUG jdk.event.security - X509Certificate: Alg:SHA256withRSA, Serial:57:0a:11:97:42:c4:e3:cc, Subject:CN=Actalis Authentication Root CA, O=Actalis S.p.A./03358520967, L=Milan, C=IT, Issuer:CN=Actalis Authentication Root CA, O=Actalis S.p.A./03358520967, L=Milan, C=IT, Key type:RSA, Length:4096, Cert Id:1729119956, Valid from:9/22/11, 2:22 PM, Valid until:9/22/30, 2:22 PM
[2026-05-14 17:01:46] [main] DEBUG jdk.event.security - X509Certificate: Alg:SHA384withECDSA, Serial:78:8f:27:5c:81:12:52:20:a5:04:d0:2d:dd:ba:73:f4, Subject:CN=Certum EC-384 CA, OU=Certum Certification Authority, O=Asseco Data Systems S.A., C=PL, Issuer:CN=Certum EC-384 CA, OU=Certum Certification Authority, O=Asseco Data Systems S.A., C=PL, Key type:EC, Length:384, Cert Id:994586241, Valid from:3/26/18, 10:24 AM, Valid until:3/26/43, 10:24 AM
[2026-05-14 17:01:46] [main] DEBUG jdk.event.security - X509Certificate: Alg:SHA384withRSA, Serial:05:9b:1b:57:9e:8e:21:32:e2:39:07:bd:a7:77:75:5c, Subject:CN=DigiCert Trusted Root G4, OU=www.digicert.com, O=DigiCert Inc, C=US, Issuer:CN=DigiCert Trusted Root G4, OU=www.digicert.com, O=DigiCert Inc, C=US, Key type:RSA, Length:4096, Cert Id:1057369358, Valid from:8/1/13, 3:00 PM, Valid until:1/15/38, 3:00 PM
[2026-05-14 17:01:46] [main] DEBUG jdk.event.security - X509Certificate: Alg:SHA1withRSA, Serial:04:00:00:00:00:01:15:4b:5a:c3:94, Subject:CN=GlobalSign Root CA, OU=Root CA, O=GlobalSign nv-sa, C=BE, Issuer:CN=GlobalSign Root CA, OU=Root CA, O=GlobalSign nv-sa, C=BE, Key type:RSA, Length:2048, Cert Id:536948034, Valid from:9/1/98, 3:00 PM, Valid until:1/28/28, 3:00 PM
[2026-05-14 17:01:46] [main] DEBUG jdk.event.security - X509Certificate: Alg:SHA256withRSA, Serial:00:d9:b5:43:7f:af:a9:39:0f:00:00:00:00:55:65:ad:58, Subject:CN=Entrust Root Certification Authority - G4, OU="(c) 2015 Entrust, Inc. - for authorized use only", OU=See www.entrust.net/legal-terms, O="Entrust, Inc.", C=US, Issuer:CN=Entrust Root Certification Authority - G4, OU="(c) 2015 Entrust, Inc. - for authorized use only", OU=See www.entrust.net/legal-terms, O="Entrust, Inc.", C=US, Key type:RSA, Length:4096, Cert Id:1368037548, Valid from:5/27/15, 2:11 PM, Valid until:12/27/37, 2:41 PM
[2026-05-14 17:01:46] [main] DEBUG jdk.event.security - X509Certificate: Alg:SHA384withECDSA, Serial:3c:f6:07:a9:68:70:0e:da:8b:84, Subject:CN=emSign ECC Root CA - G3, O=eMudhra Technologies Limited, OU=emSign PKI, C=IN, Issuer:CN=emSign ECC Root CA - G3, O=eMudhra Technologies Limited, OU=emSign PKI, C=IN, Key type:EC, Length:384, Cert Id:3832035707, Valid from:2/18/18, 9:30 PM, Valid until:2/18/43, 9:30 PM
[2026-05-14 17:01:46] [main] DEBUG jdk.event.security - X509Certificate: Alg:SHA384withECDSA, Serial:6e:47:a9:c8:8b:94:b6:e8:bb:3b:2a:d8:a2:b2:c1:99, Subject:CN=GTS Root R4, O=Google Trust Services LLC, C=US, Issuer:CN=GTS Root R4, O=Google Trust Services LLC, C=US, Key type:EC, Length:384, Cert Id:2470404830, Valid from:6/22/16, 3:00 AM, Valid until:6/22/36, 3:00 AM
[2026-05-14 17:01:46] [main] DEBUG jdk.event.security - X509Certificate: Alg:SHA1withRSA, Serial:7c:4f:04:39:1c:d4:99:2d, Subject:CN=AffirmTrust Networking, O=AffirmTrust, C=US, Issuer:CN=AffirmTrust Networking, O=AffirmTrust, C=US, Key type:RSA, Length:2048, Cert Id:651670175, Valid from:1/29/10, 5:08 PM, Valid until:12/31/30, 5:08 PM
[2026-05-14 17:01:46] [main] DEBUG jdk.event.security - X509Certificate: Alg:SHA256withRSA, Serial:4f:d2:2b:8f:f5:64:c8:33:9e:4f:34:58:66:23:70:60, Subject:CN=UCA Extended Validation Root, O=UniTrust, C=CN, Issuer:CN=UCA Extended Validation Root, O=UniTrust, C=CN, Key type:RSA, Length:4096, Cert Id:649181271, Valid from:3/13/15, 3:00 AM, Valid until:12/31/38, 3:00 AM
[2026-05-14 17:01:46] [main] DEBUG jdk.event.security - X509Certificate: Alg:SHA256withRSA, Serial:56:b6:29:cd:34:bc:78:f6, Subject:CN=SSL.com EV Root Certification Authority RSA R2, O=SSL Corporation, L=Houston, ST=Texas, C=US, Issuer:CN=SSL.com EV Root Certification Authority RSA R2, O=SSL Corporation, L=Houston, ST=Texas, C=US, Key type:RSA, Length:4096, Cert Id:1381862403, Valid from:5/31/17, 9:14 PM, Valid until:5/30/42, 9:14 PM
[2026-05-14 17:01:46] [main] DEBUG jdk.event.security - X509Certificate: Alg:SHA256withECDSA, Serial:2a:38:a4:1c:96:0a:04:de:42:b2:28:a5:0b:e8:34:98:02, Subject:CN=GlobalSign, O=GlobalSign, OU=GlobalSign ECC Root CA - R4, Issuer:CN=GlobalSign, O=GlobalSign, OU=GlobalSign ECC Root CA - R4, Key type:EC, Length:256, Cert Id:2371693751, Valid from:11/13/12, 3:00 AM, Valid until:1/19/38, 6:14 AM
[2026-05-14 17:01:46] [main] DEBUG jdk.event.security - X509Certificate: Alg:SHA256withRSA, Serial:03:3a:f1:e6:a7:11:a9:a0:bb:28:64:b1:1d:09:fa:e5, Subject:CN=DigiCert Global Root G2, OU=www.digicert.com, O=DigiCert Inc, C=US, Issuer:CN=DigiCert Global Root G2, OU=www.digicert.com, O=DigiCert Inc, C=US, Key type:RSA, Length:2048, Cert Id:1136084297, Valid from:8/1/13, 3:00 PM, Valid until:1/15/38, 3:00 PM
[2026-05-14 17:01:46] [main] DEBUG jdk.event.security - X509Certificate: Alg:SHA1withRSA, Serial:02:00:00:b9, Subject:CN=Baltimore CyberTrust Root, OU=CyberTrust, O=Baltimore, C=IE, Issuer:CN=Baltimore CyberTrust Root, OU=CyberTrust, O=Baltimore, C=IE, Key type:RSA, Length:2048, Cert Id:1425294543, Valid from:5/12/00, 9:46 PM, Valid until:5/13/25, 2:59 AM
[2026-05-14 17:01:46] [main] DEBUG jdk.event.security - X509Certificate: Alg:SHA256withRSA, Serial:00, Subject:OU=Security Communication RootCA2, O="SECOM Trust Systems CO.,LTD.", C=JP, Issuer:OU=Security Communication RootCA2, O="SECOM Trust Systems CO.,LTD.", C=JP, Key type:RSA, Length:2048, Cert Id:1521072570, Valid from:5/29/09, 8:00 AM, Valid until:5/29/29, 8:00 AM
[2026-05-14 17:01:46] [main] DEBUG jdk.event.security - X509Certificate: Alg:SHA256withRSA, Serial:04:00:00:00:00:01:21:58:53:08:a2, Subject:CN=GlobalSign, O=GlobalSign, OU=GlobalSign Root CA - R3, Issuer:CN=GlobalSign, O=GlobalSign, OU=GlobalSign Root CA - R3, Key type:RSA, Length:2048, Cert Id:733875591, Valid from:3/18/09, 1:00 PM, Valid until:3/18/29, 1:00 PM
[2026-05-14 17:01:46] [main] DEBUG jdk.event.security - X509Certificate: Alg:SHA1withRSA, Serial:07:56:22:a4:e8:d4:8a:89:4d:f4:13:c8:f0:f8:ea:a5, Subject:CN=Secure Global CA, O=SecureTrust Corporation, C=US, Issuer:CN=Secure Global CA, O=SecureTrust Corporation, C=US, Key type:RSA, Length:2048, Cert Id:2818194321, Valid from:11/7/06, 10:42 PM, Valid until:12/31/29, 10:52 PM
[2026-05-14 17:01:46] [main] DEBUG jdk.event.security - X509Certificate: Alg:SHA256withRSA, Serial:00:82:10:cf:b0:d2:40:e3:59:44:63:e0:bb:63:82:8b:00, Subject:CN=ISRG Root X1, O=Internet Security Research Group, C=US, Issuer:CN=ISRG Root X1, O=Internet Security Research Group, C=US, Key type:RSA, Length:4096, Cert Id:1521974916, Valid from:6/4/15, 2:04 PM, Valid until:6/4/35, 2:04 PM
[2026-05-14 17:01:46] [main] DEBUG jdk.event.security - X509Certificate: Alg:SHA256withRSA, Serial:02, Subject:CN=Buypass Class 3 Root CA, O=Buypass AS-983163327, C=NO, Issuer:CN=Buypass Class 3 Root CA, O=Buypass AS-983163327, C=NO, Key type:RSA, Length:4096, Cert Id:1264269967, Valid from:10/26/10, 11:28 AM, Valid until:10/26/40, 11:28 AM
[2026-05-14 17:01:46] [main] DEBUG jdk.event.security - X509Certificate: Alg:SHA256withRSA, Serial:31:f5:e4:62:0c:6c:58:ed:d6:d8, Subject:CN=emSign Root CA - G1, O=eMudhra Technologies Limited, OU=emSign PKI, C=IN, Issuer:CN=emSign Root CA - G1, O=eMudhra Technologies Limited, OU=emSign PKI, C=IN, Key type:RSA, Length:2048, Cert Id:392709196, Valid from:2/18/18, 9:30 PM, Valid until:2/18/43, 9:30 PM
[2026-05-14 17:01:46] [main] DEBUG jdk.event.security - X509Certificate: Alg:SHA384withRSA, Serial:6d:8c:14:46:b1:a6:0a:ee, Subject:CN=AffirmTrust Premium, O=AffirmTrust, C=US, Issuer:CN=AffirmTrust Premium, O=AffirmTrust, C=US, Key type:RSA, Length:4096, Cert Id:2164683341, Valid from:1/29/10, 5:10 PM, Valid until:12/31/40, 5:10 PM
[2026-05-14 17:01:46] [main] DEBUG jdk.event.security - X509Certificate: Alg:SHA1withRSA, Serial:00, Subject:OU=Security Communication RootCA1, O=SECOM Trust.net, C=JP, Issuer:OU=Security Communication RootCA1, O=SECOM Trust.net, C=JP, Key type:RSA, Length:2048, Cert Id:1802358121, Valid from:9/30/03, 7:20 AM, Valid until:9/30/23, 7:20 AM
[2026-05-14 17:01:46] [main] DEBUG jdk.event.security - X509Certificate: Alg:SHA256withRSA, Serial:0a:01:42:80:00:00:01:45:23:cf:46:7c:00:00:00:02, Subject:CN=IdenTrust Public Sector Root CA 1, O=IdenTrust, C=US, Issuer:CN=IdenTrust Public Sector Root CA 1, O=IdenTrust, C=US, Key type:RSA, Length:4096, Cert Id:2123370772, Valid from:1/16/14, 8:53 PM, Valid until:1/16/34, 8:53 PM
[2026-05-14 17:01:46] [main] DEBUG jdk.event.security - X509Certificate: Alg:SHA256withRSA, Serial:44:57:34:24:5b:81:89:9b:35:f2:ce:b8:2b:3b:5b:a7:26:f0:75:28, Subject:CN=QuoVadis Root CA 2 G3, O=QuoVadis Limited, C=BM, Issuer:CN=QuoVadis Root CA 2 G3, O=QuoVadis Limited, C=BM, Key type:RSA, Length:4096, Cert Id:696763521, Valid from:1/12/12, 9:59 PM, Valid until:1/12/42, 9:59 PM
[2026-05-14 17:01:46] [main] DEBUG jdk.event.security - X509Certificate: Alg:SHA256withRSA, Serial:0c:be, Subject:CN=TWCA Global Root CA, OU=Root CA, O=TAIWAN-CA, C=TW, Issuer:CN=TWCA Global Root CA, OU=Root CA, O=TAIWAN-CA, C=TW, Key type:RSA, Length:4096, Cert Id:861175838, Valid from:6/27/12, 9:28 AM, Valid until:12/31/30, 6:59 PM
[2026-05-14 17:01:46] [main] DEBUG jdk.event.security - X509Certificate: Alg:SHA256withRSA, Serial:0b:93:1c:3a:d6:39:67:ea:67:23:bf:c3:af:9a:f4:4b, Subject:CN=DigiCert Assured ID Root G2, OU=www.digicert.com, O=DigiCert Inc, C=US, Issuer:CN=DigiCert Assured ID Root G2, OU=www.digicert.com, O=DigiCert Inc, C=US, Key type:RSA, Length:2048, Cert Id:3909568913, Valid from:8/1/13, 3:00 PM, Valid until:1/15/38, 3:00 PM
[2026-05-14 17:01:46] [main] DEBUG jdk.event.security - X509Certificate: Alg:SHA256withRSA, Serial:00:b0:b7:5a:16:48:5f:bf:e1:cb:f5:8b:d7:19:e6:7d, Subject:CN=Izenpe.com, O=IZENPE S.A., C=ES, Issuer:CN=Izenpe.com, O=IZENPE S.A., C=ES, Key type:RSA, Length:4096, Cert Id:2449386312, Valid from:12/13/07, 4:08 PM, Valid until:12/13/37, 11:27 AM
[2026-05-14 17:01:46] [main] DEBUG jdk.event.security - X509Certificate: Alg:SHA384withECDSA, Serial:6e:47:a9:c7:6c:a9:73:24:40:89:0f:03:55:dd:8d:1d, Subject:CN=GTS Root R3, O=Google Trust Services LLC, C=US, Issuer:CN=GTS Root R3, O=Google Trust Services LLC, C=US, Key type:EC, Length:384, Cert Id:2879336745, Valid from:6/22/16, 3:00 AM, Valid until:6/22/36, 3:00 AM
[2026-05-14 17:01:46] [main] DEBUG jdk.event.security - X509Certificate: Alg:SHA256withRSA, Serial:7b:2c:9b:d3:16:80:32:99, Subject:CN=SSL.com Root Certification Authority RSA, O=SSL Corporation, L=Houston, ST=Texas, C=US, Issuer:CN=SSL.com Root Certification Authority RSA, O=SSL Corporation, L=Houston, ST=Texas, C=US, Key type:RSA, Length:4096, Cert Id:156725711, Valid from:2/12/16, 8:39 PM, Valid until:2/12/41, 8:39 PM
[2026-05-14 17:01:46] [main] DEBUG jdk.event.security - X509Certificate: Alg:SHA256withRSA, Serial:00, Subject:CN=Go Daddy Root Certificate Authority - G2, O="GoDaddy.com, Inc.", L=Scottsdale, ST=Arizona, C=US, Issuer:CN=Go Daddy Root Certificate Authority - G2, O="GoDaddy.com, Inc.", L=Scottsdale, ST=Arizona, C=US, Key type:RSA, Length:2048, Cert Id:439600313, Valid from:9/1/09, 3:00 AM, Valid until:1/1/38, 2:59 AM
[2026-05-14 17:01:46] [main] DEBUG jdk.event.security - X509Certificate: Alg:SHA512withRSA, Serial:1e:bf:59:50:b8:c9:80:37:4c:06:f7:eb:55:4f:b5:ed, Subject:CN=Certum Trusted Root CA, OU=Certum Certification Authority, O=Asseco Data Systems S.A., C=PL, Issuer:CN=Certum Trusted Root CA, OU=Certum Certification Authority, O=Asseco Data Systems S.A., C=PL, Key type:RSA, Length:4096, Cert Id:3520640245, Valid from:3/16/18, 3:10 PM, Valid until:3/16/43, 3:10 PM
[2026-05-14 17:01:46] [main] DEBUG jdk.event.security - X509Certificate: Alg:SHA384withECDSA, Serial:62:f6:32:6c:e5:c4:e3:68:5c:1b:62:dd:9c:2e:9d:95, Subject:CN=AC RAIZ FNMT-RCM SERVIDORES SEGUROS, OID.2.5.4.97=VATES-Q2826004J, OU=Ceres, O=FNMT-RCM, C=ES, Issuer:CN=AC RAIZ FNMT-RCM SERVIDORES SEGUROS, OID.2.5.4.97=VATES-Q2826004J, OU=Ceres, O=FNMT-RCM, C=ES, Key type:EC, Length:384, Cert Id:246315697, Valid from:12/20/18, 12:37 PM, Valid until:12/20/43, 12:37 PM
[2026-05-14 17:01:46] [main] DEBUG jdk.event.security - X509Certificate: Alg:SHA1withRSA, Serial:15:c8:bd:65:47:5c:af:b8:97:00:5e:e4:06:d2:bc:9d, Subject:OU=ePKI Root Certification Authority, O="Chunghwa Telecom Co., Ltd.", C=TW, Issuer:OU=ePKI Root Certification Authority, O="Chunghwa Telecom Co., Ltd.", C=TW, Key type:RSA, Length:4096, Cert Id:3632331159, Valid from:12/20/04, 5:31 AM, Valid until:12/20/34, 5:31 AM
[2026-05-14 17:01:46] [main] DEBUG jdk.event.security - X509Certificate: Alg:SHA384withECDSA, Serial:11:d2:bb:ba:33:6e:d4:bc:e6:24:68:c5:0d:84:1d:98:e8:43, Subject:CN=GlobalSign Root E46, O=GlobalSign nv-sa, C=BE, Issuer:CN=GlobalSign Root E46, O=GlobalSign nv-sa, C=BE, Key type:EC, Length:384, Cert Id:3405603905, Valid from:3/20/19, 3:00 AM, Valid until:3/20/46, 3:00 AM
[2026-05-14 17:01:46] [main] DEBUG jdk.event.security - X509Certificate: Alg:SHA256withRSA, Serial:5d:93:8d:30:67:36:c8:06:1d:1a:c7:54:84:69:07, Subject:OU=AC RAIZ FNMT-RCM, O=FNMT-RCM, C=ES, Issuer:OU=AC RAIZ FNMT-RCM, O=FNMT-RCM, C=ES, Key type:RSA, Length:4096, Cert Id:1555523573, Valid from:10/29/08, 6:59 PM, Valid until:1/1/30, 3:00 AM
[2026-05-14 17:01:46] [main] DEBUG jdk.event.security - X509Certificate: Alg:SHA384withRSA, Serial:4c:aa:f9:ca:db:63:6f:e0:1f:f7:4e:d8:5b:03:86:9d, Subject:CN=COMODO RSA Certification Authority, O=COMODO CA Limited, L=Salford, ST=Greater Manchester, C=GB, Issuer:CN=COMODO RSA Certification Authority, O=COMODO CA Limited, L=Salford, ST=Greater Manchester, C=GB, Key type:RSA, Length:4096, Cert Id:1769425049, Valid from:1/19/10, 3:00 AM, Valid until:1/19/38, 2:59 AM
[2026-05-14 17:01:46] [main] DEBUG jdk.event.security - X509Certificate: Alg:SHA256withRSA, Serial:00:ca:e9:1b:89:f1:55:03:0d:a3:e6:41:6d:c4:e3:a6:e1, Subject:CN=Certigna Root CA, OU=0002 48146308100036, O=Dhimyotis, C=FR, Issuer:CN=Certigna Root CA, OU=0002 48146308100036, O=Dhimyotis, C=FR, Key type:RSA, Length:4096, Cert Id:356684591, Valid from:10/1/13, 11:32 AM, Valid until:10/1/33, 11:32 AM
[2026-05-14 17:01:46] [main] DEBUG jdk.event.security - X509Certificate: Alg:SHA256withECDSA, Serial:00, Subject:CN=Hellenic Academic and Research Institutions ECC RootCA 2015, O=Hellenic Academic and Research Institutions Cert. Authority, L=Athens, C=GR, Issuer:CN=Hellenic Academic and Research Institutions ECC RootCA 2015, O=Hellenic Academic and Research Institutions Cert. Authority, L=Athens, C=GR, Key type:EC, Length:384, Cert Id:513613456, Valid from:7/7/15, 1:37 PM, Valid until:6/30/40, 1:37 PM
[2026-05-14 17:01:46] [main] DEBUG jdk.event.security - X509Certificate: Alg:SHA1withRSA, Serial:04:00:00:00:00:01:0f:86:26:e6:0d, Subject:CN=GlobalSign, O=GlobalSign, OU=GlobalSign Root CA - R2, Issuer:CN=GlobalSign, O=GlobalSign, OU=GlobalSign Root CA - R2, Key type:RSA, Length:2048, Cert Id:7087067, Valid from:12/15/06, 11:00 AM, Valid until:12/15/21, 11:00 AM
[2026-05-14 17:01:46] [main] DEBUG jdk.event.security - X509Certificate: Alg:SHA1withRSA, Serial:00, Subject:OU=Go Daddy Class 2 Certification Authority, O="The Go Daddy Group, Inc.", C=US, Issuer:OU=Go Daddy Class 2 Certification Authority, O="The Go Daddy Group, Inc.", C=US, Key type:RSA, Length:2048, Cert Id:4023522997, Valid from:6/29/04, 8:06 PM, Valid until:6/29/34, 8:06 PM
[2026-05-14 17:01:46] [main] DEBUG jdk.event.security - X509Certificate: Alg:SHA1withRSA, Serial:53:ec:3b:ee:fb:b2:48:5f, Subject:CN=Autoridad de Certificacion Firmaprofesional CIF A62634068, C=ES, Issuer:CN=Autoridad de Certificacion Firmaprofesional CIF A62634068, C=ES, Key type:RSA, Length:4096, Cert Id:692250759, Valid from:5/20/09, 11:38 AM, Valid until:12/31/30, 11:38 AM
[2026-05-14 17:01:46] [main] DEBUG jdk.event.security - X509Certificate: Alg:SHA256withRSA, Serial:01, Subject:CN=TUBITAK Kamu SM SSL Kok Sertifikasi - Surum 1, OU=Kamu Sertifikasyon Merkezi - Kamu SM, O=Turkiye Bilimsel ve Teknolojik Arastirma Kurumu - TUBITAK, L=Gebze - Kocaeli, C=TR, Issuer:CN=TUBITAK Kamu SM SSL Kok Sertifikasi - Surum 1, OU=Kamu Sertifikasyon Merkezi - Kamu SM, O=Turkiye Bilimsel ve Teknolojik Arastirma Kurumu - TUBITAK, L=Gebze - Kocaeli, C=TR, Key type:RSA, Length:2048, Cert Id:1093603654, Valid from:11/25/13, 11:25 AM, Valid until:10/25/43, 11:25 AM
[2026-05-14 17:01:46] [main] DEBUG jdk.event.security - X509Certificate: Alg:SHA1withRSA, Serial:01, Subject:CN=AAA Certificate Services, O=Comodo CA Limited, L=Salford, ST=Greater Manchester, C=GB, Issuer:CN=AAA Certificate Services, O=Comodo CA Limited, L=Salford, ST=Greater Manchester, C=GB, Key type:RSA, Length:2048, Cert Id:3097386402, Valid from:1/1/04, 3:00 AM, Valid until:1/1/29, 2:59 AM
[2026-05-14 17:01:46] [main] DEBUG jdk.event.security - X509Certificate: Alg:SHA384withECDSA, Serial:1f:47:af:aa:62:00:70:50:54:4c:01:9e:9b:63:99:2a, Subject:CN=COMODO ECC Certification Authority, O=COMODO CA Limited, L=Salford, ST=Greater Manchester, C=GB, Issuer:CN=COMODO ECC Certification Authority, O=COMODO CA Limited, L=Salford, ST=Greater Manchester, C=GB, Key type:EC, Length:384, Cert Id:1146488932, Valid from:3/6/08, 3:00 AM, Valid until:1/19/38, 2:59 AM
[2026-05-14 17:01:46] [main] DEBUG jdk.event.security - X509Certificate: Alg:SHA256withECDSA, Serial:2c:29:9c:5b:16:ed:05:95, Subject:CN=SSL.com EV Root Certification Authority ECC, O=SSL Corporation, L=Houston, ST=Texas, C=US, Issuer:CN=SSL.com EV Root Certification Authority ECC, O=SSL Corporation, L=Houston, ST=Texas, C=US, Key type:EC, Length:384, Cert Id:1789254518, Valid from:2/12/16, 9:15 PM, Valid until:2/12/41, 9:15 PM
[2026-05-14 17:01:46] [main] DEBUG jdk.event.security - X509Certificate: Alg:SHA384withECDSA, Serial:06:6c:9f:d7:c1:bb:10:4c:29:43:e5:71:7b:7b:2c:c8:1a:c1:0e, Subject:CN=Amazon Root CA 4, O=Amazon, C=US, Issuer:CN=Amazon Root CA 4, O=Amazon, C=US, Key type:EC, Length:384, Cert Id:2640694783, Valid from:5/26/15, 3:00 AM, Valid until:5/26/40, 3:00 AM
[2026-05-14 17:01:46] [main] DEBUG jdk.event.security - X509Certificate: Alg:SHA1withRSA, Serial:20:06:05:16:70:02, Subject:OU=certSIGN ROOT CA, O=certSIGN, C=RO, Issuer:OU=certSIGN ROOT CA, O=certSIGN, C=RO, Key type:RSA, Length:2048, Cert Id:4005006620, Valid from:7/4/06, 8:20 PM, Valid until:7/4/31, 8:20 PM
[2026-05-14 17:01:46] [main] DEBUG jdk.event.security - X509Certificate: Alg:SHA256withRSA, Serial:3e:8a:5d:07:ec:55:d2:32:d5:b7:e3:b6:5f:01:eb:2d:dc:e4:d6:e4, Subject:CN=SZAFIR ROOT CA2, O=Krajowa Izba Rozliczeniowa S.A., C=PL, Issuer:CN=SZAFIR ROOT CA2, O=Krajowa Izba Rozliczeniowa S.A., C=PL, Key type:RSA, Length:2048, Cert Id:381279303, Valid from:10/19/15, 10:43 AM, Valid until:10/19/35, 10:43 AM
[2026-05-14 17:01:46] [main] DEBUG jdk.event.security - X509Certificate: Alg:SHA384withECDSA, Serial:7b:71:b6:82:56:b8:12:7c:9c:a8, Subject:CN=emSign ECC Root CA - C3, O=eMudhra Inc, OU=emSign PKI, C=US, Issuer:CN=emSign ECC Root CA - C3, O=eMudhra Inc, OU=emSign PKI, C=US, Key type:EC, Length:384, Cert Id:3346510540, Valid from:2/18/18, 9:30 PM, Valid until:2/18/43, 9:30 PM
[2026-05-14 17:01:46] [main] DEBUG jdk.event.security - X509Certificate: Alg:SHA256withRSA, Serial:4a:53:8c:28, Subject:CN=Entrust Root Certification Authority - G2, OU="(c) 2009 Entrust, Inc. - for authorized use only", OU=See www.entrust.net/legal-terms, O="Entrust, Inc.", C=US, Issuer:CN=Entrust Root Certification Authority - G2, OU="(c) 2009 Entrust, Inc. - for authorized use only", OU=See www.entrust.net/legal-terms, O="Entrust, Inc.", C=US, Key type:RSA, Length:2048, Cert Id:1936920337, Valid from:7/7/09, 8:25 PM, Valid until:12/7/30, 8:55 PM
[2026-05-14 17:01:46] [main] DEBUG jdk.event.security - X509Certificate: Alg:SHA1withRSA, Serial:02:ac:5c:26:6a:0b:40:9b:8f:0b:79:f2:ae:46:25:77, Subject:CN=DigiCert High Assurance EV Root CA, OU=www.digicert.com, O=DigiCert Inc, C=US, Issuer:CN=DigiCert High Assurance EV Root CA, OU=www.digicert.com, O=DigiCert Inc, C=US, Key type:RSA, Length:2048, Cert Id:2884286942, Valid from:11/10/06, 3:00 AM, Valid until:11/10/31, 3:00 AM
[2026-05-14 17:01:46] [main] DEBUG jdk.event.security - X509Certificate: Alg:SHA1withRSA, Serial:04:00:00:00:00:01:0f:85:aa:2d:48, Subject:CN=Cybertrust Global Root, O="Cybertrust, Inc", Issuer:CN=Cybertrust Global Root, O="Cybertrust, Inc", Key type:RSA, Length:2048, Cert Id:2057719675, Valid from:12/15/06, 11:00 AM, Valid until:12/15/21, 11:00 AM
[2026-05-14 17:01:46] [main] DEBUG i.o.e.i.http.HttpExporterBuilder - Using HttpSender: io.opentelemetry.exporter.sender.okhttp.internal.OkHttpHttpSender
[2026-05-14 17:01:46] [main] DEBUG i.o.e.i.http.HttpExporterBuilder - Using HttpSender: io.opentelemetry.exporter.sender.okhttp.internal.OkHttpHttpSender
[2026-05-14 17:01:46] [main] ERROR o.s.b.w.e.tomcat.TomcatStarter - Error starting Tomcat context. Exception: org.springframework.beans.factory.BeanCreationException. Message: Error creating bean with name 'h2Console' defined in class path resource [org/springframework/boot/autoconfigure/h2/H2ConsoleAutoConfiguration.class]: Failed to instantiate [org.springframework.boot.web.servlet.ServletRegistrationBean]: Factory method 'h2Console' threw exception with message: Error creating bean with name 'dataSource' defined in class path resource [org/springframework/boot/autoconfigure/jdbc/DataSourceConfiguration$Hikari.class]: Error creating bean with name 'openTelemetry' defined in class path resource [io/opentelemetry/instrumentation/spring/autoconfigure/OpenTelemetryAutoConfiguration$OpenTelemetrySdkConfig.class]: Unsatisfied dependency expressed through method 'openTelemetry' parameter 0: Error creating bean with name 'autoConfiguredOpenTelemetrySdk' defined in class path resource [io/opentelemetry/instrumentation/spring/autoconfigure/OpenTelemetryAutoConfiguration$OpenTelemetrySdkConfig.class]: Failed to instantiate [io.opentelemetry.sdk.autoconfigure.AutoConfiguredOpenTelemetrySdk]: Factory method 'autoConfiguredOpenTelemetrySdk' threw exception with message: io/opentelemetry/api/incubator/metrics/DoubleGauge
[2026-05-14 17:01:46] [main] DEBUG org.apache.catalina.mapper.Mapper - Registered host [localhost]
[2026-05-14 17:01:46] [main] DEBUG o.a.catalina.mapper.MapperListener - Register Context [] for service [StandardService[Tomcat]]
[2026-05-14 17:01:46] [main] DEBUG o.a.catalina.mapper.MapperListener - Register host [localhost] at domain [null] for service [StandardService[Tomcat]]
[2026-05-14 17:01:46] [main] INFO  o.a.catalina.core.StandardService - Stopping service [Tomcat]
[2026-05-14 17:01:46] [main] DEBUG o.a.catalina.mapper.MapperListener - Unregister host [localhost] at domain [null] for service [StandardService[Tomcat]]
[2026-05-14 17:01:46] [main] DEBUG o.a.catalina.mapper.MapperListener - Unregister Context [] for service [StandardService[Tomcat]]
[2026-05-14 17:01:46] [main] DEBUG o.a.c.core.ApplicationFilterConfig - JMX de-registration complete for filter of type [org.apache.tomcat.websocket.server.WsFilter] and name [Tomcat WebSocket (JSR356) Filter]
[2026-05-14 17:01:46] [main] DEBUG o.a.catalina.session.StandardManager - No persisted sessions to unload
[2026-05-14 17:01:46] [main] DEBUG o.a.catalina.loader.WebappLoader - Stopping this Loader
[2026-05-14 17:01:46] [main] WARN  o.s.b.w.s.c.AnnotationConfigServletWebServerApplicationContext - Exception encountered during context initialization - cancelling refresh attempt: org.springframework.context.ApplicationContextException: Unable to start web server
[2026-05-14 17:01:46] [main] DEBUG o.s.b.a.l.ConditionEvaluationReportLogger - 


============================
CONDITIONS EVALUATION REPORT
============================


Positive matches:
-----------------

   AopAutoConfiguration matched:
      - @ConditionalOnProperty (spring.aop.auto=true) matched (OnPropertyCondition)

   AopAutoConfiguration.AspectJAutoProxyingConfiguration matched:
      - @ConditionalOnClass found required class 'org.aspectj.weaver.Advice' (OnClassCondition)

   AopAutoConfiguration.AspectJAutoProxyingConfiguration.CglibAutoProxyConfiguration matched:
      - @ConditionalOnProperty (spring.aop.proxy-target-class=true) matched (OnPropertyCondition)

   ApplicationAvailabilityAutoConfiguration#applicationAvailability matched:
      - @ConditionalOnMissingBean (types: org.springframework.boot.availability.ApplicationAvailability; SearchStrategy: all) did not find any beans (OnBeanCondition)

   DataSourceAutoConfiguration matched:
      - @ConditionalOnClass found required classes 'javax.sql.DataSource', 'org.springframework.jdbc.datasource.embedded.EmbeddedDatabaseType' (OnClassCondition)
      - @ConditionalOnMissingBean (types: io.r2dbc.spi.ConnectionFactory; SearchStrategy: all) did not find any beans (OnBeanCondition)

   DataSourceAutoConfiguration.PooledDataSourceConfiguration matched:
      - AnyNestedCondition 1 matched 1 did not; NestedCondition on DataSourceAutoConfiguration.PooledDataSourceCondition.PooledDataSourceAvailable PooledDataSource found supported DataSource; NestedCondition on DataSourceAutoConfiguration.PooledDataSourceCondition.ExplicitType @ConditionalOnProperty (spring.datasource.type) did not find property 'type' (DataSourceAutoConfiguration.PooledDataSourceCondition)
      - @ConditionalOnMissingBean (types: javax.sql.DataSource,javax.sql.XADataSource; SearchStrategy: all) did not find any beans (OnBeanCondition)

   DataSourceAutoConfiguration.PooledDataSourceConfiguration#jdbcConnectionDetails matched:
      - @ConditionalOnMissingBean (types: org.springframework.boot.autoconfigure.jdbc.JdbcConnectionDetails; SearchStrategy: all) did not find any beans (OnBeanCondition)

   DataSourceConfiguration.Hikari matched:
      - @ConditionalOnClass found required class 'com.zaxxer.hikari.HikariDataSource' (OnClassCondition)
      - @ConditionalOnProperty (spring.datasource.type=com.zaxxer.hikari.HikariDataSource) matched (OnPropertyCondition)
      - @ConditionalOnMissingBean (types: javax.sql.DataSource; SearchStrategy: all) did not find any beans (OnBeanCondition)

   DataSourceInitializationConfiguration matched:
      - @ConditionalOnClass found required class 'org.springframework.jdbc.datasource.init.DatabasePopulator' (OnClassCondition)
      - @ConditionalOnSingleCandidate (types: javax.sql.DataSource; SearchStrategy: all) found a single bean 'dataSource'; @ConditionalOnMissingBean (types: org.springframework.boot.autoconfigure.sql.init.SqlDataSourceScriptDatabaseInitializer,org.springframework.boot.autoconfigure.sql.init.SqlR2dbcScriptDatabaseInitializer; SearchStrategy: all) did not find any beans (OnBeanCondition)

   DataSourceJmxConfiguration matched:
      - @ConditionalOnProperty (spring.jmx.enabled=true) matched (OnPropertyCondition)

   DataSourceJmxConfiguration.Hikari matched:
      - @ConditionalOnClass found required class 'com.zaxxer.hikari.HikariDataSource' (OnClassCondition)
      - @ConditionalOnSingleCandidate (types: javax.sql.DataSource; SearchStrategy: all) found a single bean 'dataSource' (OnBeanCondition)

   DataSourcePoolMetadataProvidersConfiguration.HikariPoolDataSourceMetadataProviderConfiguration matched:
      - @ConditionalOnClass found required class 'com.zaxxer.hikari.HikariDataSource' (OnClassCondition)

   DataSourceTransactionManagerAutoConfiguration matched:
      - @ConditionalOnClass found required classes 'javax.sql.DataSource', 'org.springframework.jdbc.core.JdbcTemplate', 'org.springframework.transaction.TransactionManager' (OnClassCondition)

   DataSourceTransactionManagerAutoConfiguration.JdbcTransactionManagerConfiguration matched:
      - @ConditionalOnSingleCandidate (types: javax.sql.DataSource; SearchStrategy: all) found a single bean 'dataSource' (OnBeanCondition)

   DispatcherServletAutoConfiguration matched:
      - @ConditionalOnClass found required class 'org.springframework.web.servlet.DispatcherServlet' (OnClassCondition)
      - found 'session' scope (OnWebApplicationCondition)

   DispatcherServletAutoConfiguration.DispatcherServletConfiguration matched:
      - @ConditionalOnClass found required class 'jakarta.servlet.ServletRegistration' (OnClassCondition)
      - Default DispatcherServlet did not find dispatcher servlet beans (DispatcherServletAutoConfiguration.DefaultDispatcherServletCondition)

   DispatcherServletAutoConfiguration.DispatcherServletRegistrationConfiguration matched:
      - @ConditionalOnClass found required class 'jakarta.servlet.ServletRegistration' (OnClassCondition)
      - DispatcherServlet Registration did not find servlet registration bean (DispatcherServletAutoConfiguration.DispatcherServletRegistrationCondition)

   DispatcherServletAutoConfiguration.DispatcherServletRegistrationConfiguration#dispatcherServletRegistration matched:
      - @ConditionalOnBean (names: dispatcherServlet types: org.springframework.web.servlet.DispatcherServlet; SearchStrategy: all) found bean 'dispatcherServlet' (OnBeanCondition)

   EmbeddedWebServerFactoryCustomizerAutoConfiguration matched:
      - @ConditionalOnWebApplication (required) found 'session' scope (OnWebApplicationCondition)
      - @ConditionalOnWarDeployment the application is not deployed as a WAR file. (OnWarDeploymentCondition)

   EmbeddedWebServerFactoryCustomizerAutoConfiguration.TomcatWebServerFactoryCustomizerConfiguration matched:
      - @ConditionalOnClass found required classes 'org.apache.catalina.startup.Tomcat', 'org.apache.coyote.UpgradeProtocol' (OnClassCondition)

   ErrorMvcAutoConfiguration matched:
      - @ConditionalOnClass found required classes 'jakarta.servlet.Servlet', 'org.springframework.web.servlet.DispatcherServlet' (OnClassCondition)
      - found 'session' scope (OnWebApplicationCondition)

   ErrorMvcAutoConfiguration#basicErrorController matched:
      - @ConditionalOnMissingBean (types: org.springframework.boot.web.servlet.error.ErrorController; SearchStrategy: current) did not find any beans (OnBeanCondition)

   ErrorMvcAutoConfiguration#errorAttributes matched:
      - @ConditionalOnMissingBean (types: org.springframework.boot.web.servlet.error.ErrorAttributes; SearchStrategy: current) did not find any beans (OnBeanCondition)

   ErrorMvcAutoConfiguration.DefaultErrorViewResolverConfiguration#conventionErrorViewResolver matched:
      - @ConditionalOnBean (types: org.springframework.web.servlet.DispatcherServlet; SearchStrategy: all) found bean 'dispatcherServlet'; @ConditionalOnMissingBean (types: org.springframework.boot.autoconfigure.web.servlet.error.ErrorViewResolver; SearchStrategy: all) did not find any beans (OnBeanCondition)

   ErrorMvcAutoConfiguration.WhitelabelErrorViewConfiguration matched:
      - @ConditionalOnProperty (server.error.whitelabel.enabled) matched (OnPropertyCondition)
      - ErrorTemplate Missing did not find error template view (ErrorMvcAutoConfiguration.ErrorTemplateMissingCondition)

   ErrorMvcAutoConfiguration.WhitelabelErrorViewConfiguration#beanNameViewResolver matched:
      - @ConditionalOnMissingBean (types: org.springframework.web.servlet.view.BeanNameViewResolver; SearchStrategy: all) did not find any beans (OnBeanCondition)

   ErrorMvcAutoConfiguration.WhitelabelErrorViewConfiguration#defaultErrorView matched:
      - @ConditionalOnMissingBean (names: error; SearchStrategy: all) did not find any beans (OnBeanCondition)

   GenericCacheConfiguration matched:
      - Cache org.springframework.boot.autoconfigure.cache.GenericCacheConfiguration automatic cache type (CacheCondition)

   GsonAutoConfiguration matched:
      - @ConditionalOnClass found required class 'com.google.gson.Gson' (OnClassCondition)

   GsonAutoConfiguration#gson matched:
      - @ConditionalOnMissingBean (types: com.google.gson.Gson; SearchStrategy: all) did not find any beans (OnBeanCondition)

   GsonAutoConfiguration#gsonBuilder matched:
      - @ConditionalOnMissingBean (types: com.google.gson.GsonBuilder; SearchStrategy: all) did not find any beans (OnBeanCondition)

   GsonHttpMessageConvertersConfiguration matched:
      - @ConditionalOnClass found required class 'com.google.gson.Gson' (OnClassCondition)

   H2ConsoleAutoConfiguration matched:
      - @ConditionalOnClass found required class 'org.h2.server.web.JakartaWebServlet' (OnClassCondition)
      - found 'session' scope (OnWebApplicationCondition)
      - @ConditionalOnProperty (spring.h2.console.enabled=true) matched (OnPropertyCondition)

   HibernateJpaAutoConfiguration matched:
      - @ConditionalOnClass found required classes 'org.springframework.orm.jpa.LocalContainerEntityManagerFactoryBean', 'jakarta.persistence.EntityManager', 'org.hibernate.engine.spi.SessionImplementor' (OnClassCondition)

   HibernateJpaConfiguration matched:
      - @ConditionalOnSingleCandidate (types: javax.sql.DataSource; SearchStrategy: all) found a single bean 'dataSource' (OnBeanCondition)

   HttpEncodingAutoConfiguration matched:
      - @ConditionalOnClass found required class 'org.springframework.web.filter.CharacterEncodingFilter' (OnClassCondition)
      - found 'session' scope (OnWebApplicationCondition)
      - @ConditionalOnProperty (server.servlet.encoding.enabled) matched (OnPropertyCondition)

   HttpEncodingAutoConfiguration#characterEncodingFilter matched:
      - @ConditionalOnMissingBean (types: org.springframework.web.filter.CharacterEncodingFilter; SearchStrategy: all) did not find any beans (OnBeanCondition)

   HttpMessageConvertersAutoConfiguration matched:
      - @ConditionalOnClass found required class 'org.springframework.http.converter.HttpMessageConverter' (OnClassCondition)
      - NoneNestedConditions 0 matched 1 did not; NestedCondition on HttpMessageConvertersAutoConfiguration.NotReactiveWebApplicationCondition.ReactiveWebApplication did not find reactive web application classes (HttpMessageConvertersAutoConfiguration.NotReactiveWebApplicationCondition)

   HttpMessageConvertersAutoConfiguration#messageConverters matched:
      - @ConditionalOnMissingBean (types: org.springframework.boot.autoconfigure.http.HttpMessageConverters; SearchStrategy: all) did not find any beans (OnBeanCondition)

   HttpMessageConvertersAutoConfiguration.StringHttpMessageConverterConfiguration matched:
      - @ConditionalOnClass found required class 'org.springframework.http.converter.StringHttpMessageConverter' (OnClassCondition)

   HttpMessageConvertersAutoConfiguration.StringHttpMessageConverterConfiguration#stringHttpMessageConverter matched:
      - @ConditionalOnMissingBean (types: org.springframework.http.converter.StringHttpMessageConverter; SearchStrategy: all) did not find any beans (OnBeanCondition)

   InstrumentationAnnotationsAutoConfiguration matched:
      - @ConditionalOnClass found required class 'org.aspectj.lang.annotation.Aspect' (OnClassCondition)
      - AnyNestedCondition 1 matched 0 did not; NestedCondition on SdkEnabled.NotDisabled @ConditionalOnProperty (otel.sdk.disabled=false) matched (SdkEnabled)
      - @ConditionalOnBean (types: io.opentelemetry.api.OpenTelemetry; SearchStrategy: all) found bean 'openTelemetry' (OnBeanCondition)

   InstrumentationAnnotationsAutoConfiguration#otelInstrumentationWithSpanAspect matched:
      - @ConditionalOnClass found required class 'io.opentelemetry.instrumentation.annotations.WithSpan' (OnClassCondition)

   JacksonAutoConfiguration matched:
      - @ConditionalOnClass found required class 'com.fasterxml.jackson.databind.ObjectMapper' (OnClassCondition)

   JacksonAutoConfiguration.Jackson2ObjectMapperBuilderCustomizerConfiguration matched:
      - @ConditionalOnClass found required class 'org.springframework.http.converter.json.Jackson2ObjectMapperBuilder' (OnClassCondition)

   JacksonAutoConfiguration.JacksonObjectMapperBuilderConfiguration matched:
      - @ConditionalOnClass found required class 'org.springframework.http.converter.json.Jackson2ObjectMapperBuilder' (OnClassCondition)

   JacksonAutoConfiguration.JacksonObjectMapperBuilderConfiguration#jacksonObjectMapperBuilder matched:
      - @ConditionalOnMissingBean (types: org.springframework.http.converter.json.Jackson2ObjectMapperBuilder; SearchStrategy: all) did not find any beans (OnBeanCondition)

   JacksonAutoConfiguration.JacksonObjectMapperConfiguration matched:
      - @ConditionalOnClass found required class 'org.springframework.http.converter.json.Jackson2ObjectMapperBuilder' (OnClassCondition)

   JacksonAutoConfiguration.ParameterNamesModuleConfiguration matched:
      - @ConditionalOnClass found required class 'com.fasterxml.jackson.module.paramnames.ParameterNamesModule' (OnClassCondition)

   JacksonAutoConfiguration.ParameterNamesModuleConfiguration#parameterNamesModule matched:
      - @ConditionalOnMissingBean (types: com.fasterxml.jackson.module.paramnames.ParameterNamesModule; SearchStrategy: all) did not find any beans (OnBeanCondition)

   JacksonHttpMessageConvertersConfiguration.MappingJackson2HttpMessageConverterConfiguration matched:
      - @ConditionalOnClass found required class 'com.fasterxml.jackson.databind.ObjectMapper' (OnClassCondition)
      - @ConditionalOnProperty (spring.mvc.converters.preferred-json-mapper=jackson) matched (OnPropertyCondition)
      - @ConditionalOnBean (types: com.fasterxml.jackson.databind.ObjectMapper; SearchStrategy: all) found bean 'objectMapper' (OnBeanCondition)

   JacksonHttpMessageConvertersConfiguration.MappingJackson2HttpMessageConverterConfiguration#mappingJackson2HttpMessageConverter matched:
      - @ConditionalOnMissingBean (types: org.springframework.http.converter.json.MappingJackson2HttpMessageConverter ignored: org.springframework.hateoas.server.mvc.TypeConstrainedMappingJackson2HttpMessageConverter,org.springframework.data.rest.webmvc.alps.AlpsJsonHttpMessageConverter; SearchStrategy: all) did not find any beans (OnBeanCondition)

   JdbcClientAutoConfiguration matched:
      - @ConditionalOnSingleCandidate (types: org.springframework.jdbc.core.namedparam.NamedParameterJdbcTemplate; SearchStrategy: all) found a single bean 'namedParameterJdbcTemplate'; @ConditionalOnMissingBean (types: org.springframework.jdbc.core.simple.JdbcClient; SearchStrategy: all) did not find any beans (OnBeanCondition)

   JdbcInstrumentationAutoConfiguration matched:
      - AnyNestedCondition 1 matched 0 did not; NestedCondition on SdkEnabled.NotDisabled @ConditionalOnProperty (otel.sdk.disabled=false) matched (SdkEnabled)
      - @ConditionalOnBean (types: javax.sql.DataSource,io.opentelemetry.api.OpenTelemetry; SearchStrategy: all) found beans 'openTelemetry', 'dataSource' (OnBeanCondition)

   JdbcTemplateAutoConfiguration matched:
      - @ConditionalOnClass found required classes 'javax.sql.DataSource', 'org.springframework.jdbc.core.JdbcTemplate' (OnClassCondition)
      - @ConditionalOnSingleCandidate (types: javax.sql.DataSource; SearchStrategy: all) found a single bean 'dataSource' (OnBeanCondition)

   JdbcTemplateConfiguration matched:
      - @ConditionalOnMissingBean (types: org.springframework.jdbc.core.JdbcOperations; SearchStrategy: all) did not find any beans (OnBeanCondition)

   JpaBaseConfiguration#entityManagerFactory matched:
      - @ConditionalOnMissingBean (types: org.springframework.orm.jpa.LocalContainerEntityManagerFactoryBean,jakarta.persistence.EntityManagerFactory; SearchStrategy: all) did not find any beans (OnBeanCondition)

   JpaBaseConfiguration#entityManagerFactoryBuilder matched:
      - @ConditionalOnMissingBean (types: org.springframework.boot.orm.jpa.EntityManagerFactoryBuilder; SearchStrategy: all) did not find any beans (OnBeanCondition)

   JpaBaseConfiguration#jpaVendorAdapter matched:
      - @ConditionalOnMissingBean (types: org.springframework.orm.jpa.JpaVendorAdapter; SearchStrategy: all) did not find any beans (OnBeanCondition)

   JpaBaseConfiguration#transactionManager matched:
      - @ConditionalOnMissingBean (types: org.springframework.transaction.TransactionManager; SearchStrategy: all) did not find any beans (OnBeanCondition)

   JpaBaseConfiguration.JpaWebConfiguration matched:
      - @ConditionalOnClass found required class 'org.springframework.web.servlet.config.annotation.WebMvcConfigurer' (OnClassCondition)
      - found 'session' scope (OnWebApplicationCondition)
      - @ConditionalOnProperty (spring.jpa.open-in-view=true) matched (OnPropertyCondition)
      - @ConditionalOnMissingBean (types: org.springframework.orm.jpa.support.OpenEntityManagerInViewInterceptor,org.springframework.orm.jpa.support.OpenEntityManagerInViewFilter; SearchStrategy: all) did not find any beans (OnBeanCondition)

   JpaBaseConfiguration.PersistenceManagedTypesConfiguration matched:
      - @ConditionalOnMissingBean (types: org.springframework.orm.jpa.LocalContainerEntityManagerFactoryBean,jakarta.persistence.EntityManagerFactory; SearchStrategy: all) did not find any beans (OnBeanCondition)

   JpaBaseConfiguration.PersistenceManagedTypesConfiguration#persistenceManagedTypes matched:
      - @ConditionalOnMissingBean (types: org.springframework.orm.jpa.persistenceunit.PersistenceManagedTypes; SearchStrategy: all) did not find any beans (OnBeanCondition)

   JpaRepositoriesAutoConfiguration matched:
      - @ConditionalOnClass found required class 'org.springframework.data.jpa.repository.JpaRepository' (OnClassCondition)
      - @ConditionalOnProperty (spring.data.jpa.repositories.enabled=true) matched (OnPropertyCondition)
      - @ConditionalOnBean (types: javax.sql.DataSource; SearchStrategy: all) found bean 'dataSource'; @ConditionalOnMissingBean (types: org.springframework.data.jpa.repository.support.JpaRepositoryFactoryBean,org.springframework.data.jpa.repository.config.JpaRepositoryConfigExtension; SearchStrategy: all) did not find any beans (OnBeanCondition)

   JtaAutoConfiguration matched:
      - @ConditionalOnClass found required class 'jakarta.transaction.Transaction' (OnClassCondition)
      - @ConditionalOnProperty (spring.jta.enabled) matched (OnPropertyCondition)

   KafkaAnnotationDrivenConfiguration matched:
      - @ConditionalOnClass found required class 'org.springframework.kafka.annotation.EnableKafka' (OnClassCondition)

   KafkaAnnotationDrivenConfiguration#kafkaListenerContainerFactory matched:
      - @ConditionalOnMissingBean (names: kafkaListenerContainerFactory; SearchStrategy: all) did not find any beans (OnBeanCondition)

   KafkaAnnotationDrivenConfiguration#kafkaListenerContainerFactoryConfigurer matched:
      - @ConditionalOnMissingBean (types: org.springframework.boot.autoconfigure.kafka.ConcurrentKafkaListenerContainerFactoryConfigurer; SearchStrategy: all) did not find any beans (OnBeanCondition)
      - @ConditionalOnThreading found PLATFORM (OnThreadingCondition)

   KafkaAnnotationDrivenConfiguration.EnableKafkaConfiguration matched:
      - @ConditionalOnMissingBean (names: org.springframework.kafka.config.internalKafkaListenerAnnotationProcessor; SearchStrategy: all) did not find any beans (OnBeanCondition)

   KafkaAutoConfiguration matched:
      - @ConditionalOnClass found required class 'org.springframework.kafka.core.KafkaTemplate' (OnClassCondition)

   KafkaAutoConfiguration#kafkaAdmin matched:
      - @ConditionalOnMissingBean (types: org.springframework.kafka.core.KafkaAdmin; SearchStrategy: all) did not find any beans (OnBeanCondition)

   KafkaAutoConfiguration#kafkaConnectionDetails matched:
      - @ConditionalOnMissingBean (types: org.springframework.boot.autoconfigure.kafka.KafkaConnectionDetails; SearchStrategy: all) did not find any beans (OnBeanCondition)

   KafkaAutoConfiguration#kafkaConsumerFactory matched:
      - @ConditionalOnMissingBean (types: org.springframework.kafka.core.ConsumerFactory; SearchStrategy: all) did not find any beans (OnBeanCondition)

   KafkaAutoConfiguration#kafkaProducerListener matched:
      - @ConditionalOnMissingBean (types: org.springframework.kafka.support.ProducerListener; SearchStrategy: all) did not find any beans (OnBeanCondition)

   KafkaConditionalConfig matched:
      - @ConditionalOnProperty (kafka.enabled=true) matched (OnPropertyCondition)

   KafkaEventPublisher matched:
      - @ConditionalOnProperty (kafka.enabled=true) matched (OnPropertyCondition)

   KafkaInstrumentationAutoConfiguration matched:
      - @ConditionalOnClass found required classes 'org.springframework.kafka.core.KafkaTemplate', 'org.springframework.kafka.config.ConcurrentKafkaListenerContainerFactory' (OnClassCondition)
      - AnyNestedCondition 1 matched 0 did not; NestedCondition on SdkEnabled.NotDisabled @ConditionalOnProperty (otel.sdk.disabled=false) matched (SdkEnabled)
      - @ConditionalOnBean (types: io.opentelemetry.api.OpenTelemetry; SearchStrategy: all) found bean 'openTelemetry' (OnBeanCondition)

   LifecycleAutoConfiguration#defaultLifecycleProcessor matched:
      - @ConditionalOnMissingBean (names: lifecycleProcessor; SearchStrategy: current) did not find any beans (OnBeanCondition)

   MultipartAutoConfiguration matched:
      - @ConditionalOnClass found required classes 'jakarta.servlet.Servlet', 'org.springframework.web.multipart.support.StandardServletMultipartResolver', 'jakarta.servlet.MultipartConfigElement' (OnClassCondition)
      - found 'session' scope (OnWebApplicationCondition)
      - @ConditionalOnProperty (spring.servlet.multipart.enabled) matched (OnPropertyCondition)

   MultipartAutoConfiguration#multipartConfigElement matched:
      - @ConditionalOnMissingBean (types: jakarta.servlet.MultipartConfigElement; SearchStrategy: all) did not find any beans (OnBeanCondition)

   MultipartAutoConfiguration#multipartResolver matched:
      - @ConditionalOnMissingBean (types: org.springframework.web.multipart.MultipartResolver; SearchStrategy: all) did not find any beans (OnBeanCondition)

   NamedParameterJdbcTemplateConfiguration matched:
      - @ConditionalOnSingleCandidate (types: org.springframework.jdbc.core.JdbcTemplate; SearchStrategy: all) found a single bean 'jdbcTemplate'; @ConditionalOnMissingBean (types: org.springframework.jdbc.core.namedparam.NamedParameterJdbcOperations; SearchStrategy: all) did not find any beans (OnBeanCondition)

   NoOpCacheConfiguration matched:
      - Cache org.springframework.boot.autoconfigure.cache.NoOpCacheConfiguration automatic cache type (CacheCondition)

   OpenTelemetryAppenderAutoConfiguration.LogbackAppenderConfig matched:
      - @ConditionalOnClass found required class 'ch.qos.logback.classic.LoggerContext' (OnClassCondition)
      - AnyNestedCondition 1 matched 0 did not; NestedCondition on SdkEnabled.NotDisabled @ConditionalOnProperty (otel.sdk.disabled=false) matched (SdkEnabled)
      - @ConditionalOnBean (types: io.opentelemetry.api.OpenTelemetry; SearchStrategy: all) found bean 'openTelemetry' (OnBeanCondition)

   OpenTelemetryAutoConfiguration.OpenTelemetrySdkConfig matched:
      - AnyNestedCondition 1 matched 0 did not; NestedCondition on SdkEnabled.NotDisabled @ConditionalOnProperty (otel.sdk.disabled=false) matched (SdkEnabled)
      - @ConditionalOnMissingBean (types: io.opentelemetry.api.OpenTelemetry; SearchStrategy: all) did not find any beans (OnBeanCondition)

   PersistenceExceptionTranslationAutoConfiguration matched:
      - @ConditionalOnClass found required class 'org.springframework.dao.annotation.PersistenceExceptionTranslationPostProcessor' (OnClassCondition)

   PersistenceExceptionTranslationAutoConfiguration#persistenceExceptionTranslationPostProcessor matched:
      - @ConditionalOnProperty (spring.dao.exceptiontranslation.enabled) matched (OnPropertyCondition)
      - @ConditionalOnMissingBean (types: org.springframework.dao.annotation.PersistenceExceptionTranslationPostProcessor; SearchStrategy: all) did not find any beans (OnBeanCondition)

   PropertyPlaceholderAutoConfiguration#propertySourcesPlaceholderConfigurer matched:
      - @ConditionalOnMissingBean (types: org.springframework.context.support.PropertySourcesPlaceholderConfigurer; SearchStrategy: current) did not find any beans (OnBeanCondition)

   RestClientAutoConfiguration matched:
      - @ConditionalOnClass found required class 'org.springframework.web.client.RestClient' (OnClassCondition)
      - NoneNestedConditions 0 matched 1 did not; NestedCondition on NotReactiveWebApplicationCondition.ReactiveWebApplication did not find reactive web application classes (NotReactiveWebApplicationCondition)

   RestClientAutoConfiguration#httpMessageConvertersRestClientCustomizer matched:
      - @ConditionalOnMissingBean (types: org.springframework.boot.autoconfigure.web.client.HttpMessageConvertersRestClientCustomizer; SearchStrategy: all) did not find any beans (OnBeanCondition)

   RestClientAutoConfiguration#restClientBuilder matched:
      - @ConditionalOnMissingBean (types: org.springframework.web.client.RestClient$Builder; SearchStrategy: all) did not find any beans (OnBeanCondition)

   RestClientAutoConfiguration#restClientBuilderConfigurer matched:
      - @ConditionalOnMissingBean (types: org.springframework.boot.autoconfigure.web.client.RestClientBuilderConfigurer; SearchStrategy: all) did not find any beans (OnBeanCondition)

   RestClientAutoConfiguration#restClientSsl matched:
      - @ConditionalOnBean (types: org.springframework.boot.ssl.SslBundles; SearchStrategy: all) found bean 'sslBundleRegistry'; @ConditionalOnMissingBean (types: org.springframework.boot.autoconfigure.web.client.RestClientSsl; SearchStrategy: all) did not find any beans (OnBeanCondition)

   RestClientInstrumentationAutoConfiguration matched:
      - @ConditionalOnClass found required class 'org.springframework.web.client.RestClient' (OnClassCondition)
      - AnyNestedCondition 1 matched 0 did not; NestedCondition on SdkEnabled.NotDisabled @ConditionalOnProperty (otel.sdk.disabled=false) matched (SdkEnabled)
      - @ConditionalOnBean (types: io.opentelemetry.api.OpenTelemetry; SearchStrategy: all) found bean 'openTelemetry' (OnBeanCondition)

   RestTemplateAutoConfiguration matched:
      - @ConditionalOnClass found required class 'org.springframework.web.client.RestTemplate' (OnClassCondition)
      - NoneNestedConditions 0 matched 1 did not; NestedCondition on NotReactiveWebApplicationCondition.ReactiveWebApplication did not find reactive web application classes (NotReactiveWebApplicationCondition)

   RestTemplateAutoConfiguration#restTemplateBuilder matched:
      - @ConditionalOnMissingBean (types: org.springframework.boot.web.client.RestTemplateBuilder; SearchStrategy: all) did not find any beans (OnBeanCondition)

   SecurityAutoConfiguration matched:
      - @ConditionalOnClass found required class 'org.springframework.security.authentication.DefaultAuthenticationEventPublisher' (OnClassCondition)

   SecurityAutoConfiguration#authenticationEventPublisher matched:
      - @ConditionalOnMissingBean (types: org.springframework.security.authentication.AuthenticationEventPublisher; SearchStrategy: all) did not find any beans (OnBeanCondition)

   SecurityFilterAutoConfiguration matched:
      - @ConditionalOnClass found required classes 'org.springframework.security.web.context.AbstractSecurityWebApplicationInitializer', 'org.springframework.security.config.http.SessionCreationPolicy' (OnClassCondition)
      - found 'session' scope (OnWebApplicationCondition)

   SecurityFilterAutoConfiguration#securityFilterChainRegistration matched:
      - @ConditionalOnBean (names: springSecurityFilterChain; SearchStrategy: all) found bean 'springSecurityFilterChain' (OnBeanCondition)

   ServletWebServerFactoryAutoConfiguration matched:
      - @ConditionalOnClass found required class 'jakarta.servlet.ServletRequest' (OnClassCondition)
      - found 'session' scope (OnWebApplicationCondition)

   ServletWebServerFactoryAutoConfiguration#tomcatServletWebServerFactoryCustomizer matched:
      - @ConditionalOnClass found required class 'org.apache.catalina.startup.Tomcat' (OnClassCondition)

   ServletWebServerFactoryConfiguration.EmbeddedTomcat matched:
      - @ConditionalOnClass found required classes 'jakarta.servlet.Servlet', 'org.apache.catalina.startup.Tomcat', 'org.apache.coyote.UpgradeProtocol' (OnClassCondition)
      - @ConditionalOnMissingBean (types: org.springframework.boot.web.servlet.server.ServletWebServerFactory; SearchStrategy: current) did not find any beans (OnBeanCondition)

   SimpleCacheConfiguration matched:
      - Cache org.springframework.boot.autoconfigure.cache.SimpleCacheConfiguration automatic cache type (CacheCondition)

   SpringBootWebSecurityConfiguration matched:
      - found 'session' scope (OnWebApplicationCondition)

   SpringDataWebAutoConfiguration matched:
      - @ConditionalOnClass found required classes 'org.springframework.data.web.PageableHandlerMethodArgumentResolver', 'org.springframework.web.servlet.config.annotation.WebMvcConfigurer' (OnClassCondition)
      - found 'session' scope (OnWebApplicationCondition)
      - @ConditionalOnMissingBean (types: org.springframework.data.web.PageableHandlerMethodArgumentResolver; SearchStrategy: all) did not find any beans (OnBeanCondition)

   SpringDataWebAutoConfiguration#pageableCustomizer matched:
      - @ConditionalOnMissingBean (types: org.springframework.data.web.config.PageableHandlerMethodArgumentResolverCustomizer; SearchStrategy: all) did not find any beans (OnBeanCondition)

   SpringDataWebAutoConfiguration#sortCustomizer matched:
      - @ConditionalOnMissingBean (types: org.springframework.data.web.config.SortHandlerMethodArgumentResolverCustomizer; SearchStrategy: all) did not find any beans (OnBeanCondition)

   SpringDocConfigProperties matched:
      - @ConditionalOnProperty (springdoc.api-docs.enabled) matched (OnPropertyCondition)
      - @ConditionalOnBean (types: org.springdoc.core.configuration.SpringDocConfiguration; SearchStrategy: all) found bean 'org.springdoc.core.configuration.SpringDocConfiguration' (OnBeanCondition)

   SpringDocConfiguration matched:
      - @ConditionalOnWebApplication (required) found 'session' scope (OnWebApplicationCondition)
      - @ConditionalOnProperty (springdoc.api-docs.enabled) matched (OnPropertyCondition)

   SpringDocConfiguration#fileSupportConverter matched:
      - @ConditionalOnMissingBean (types: org.springdoc.core.converters.FileSupportConverter; SearchStrategy: all) did not find any beans (OnBeanCondition)

   SpringDocConfiguration#openAPIBuilder matched:
      - @ConditionalOnMissingBean (types: org.springdoc.core.service.OpenAPIService; SearchStrategy: all) did not find any beans (OnBeanCondition)

   SpringDocConfiguration#operationBuilder matched:
      - @ConditionalOnMissingBean (types: org.springdoc.core.service.OperationService; SearchStrategy: all) did not find any beans (OnBeanCondition)

   SpringDocConfiguration#parameterBuilder matched:
      - @ConditionalOnMissingBean (types: org.springdoc.core.service.GenericParameterService; SearchStrategy: all) did not find any beans (OnBeanCondition)

   SpringDocConfiguration#polymorphicModelConverter matched:
      - @ConditionalOnProperty (springdoc.model-converters.polymorphic-converter.enabled) matched (OnPropertyCondition)
      - @ConditionalOnMissingBean (types: org.springdoc.core.converters.PolymorphicModelConverter; SearchStrategy: all) did not find any beans (OnBeanCondition)

   SpringDocConfiguration#requestBodyBuilder matched:
      - @ConditionalOnMissingBean (types: org.springdoc.core.service.RequestBodyService; SearchStrategy: all) did not find any beans (OnBeanCondition)

   SpringDocConfiguration#responseSupportConverter matched:
      - @ConditionalOnMissingBean (types: org.springdoc.core.converters.ResponseSupportConverter; SearchStrategy: all) did not find any beans (OnBeanCondition)

   SpringDocConfiguration#schemaPropertyDeprecatingConverter matched:
      - @ConditionalOnProperty (springdoc.model-converters.deprecating-converter.enabled) matched (OnPropertyCondition)
      - @ConditionalOnMissingBean (types: org.springdoc.core.converters.SchemaPropertyDeprecatingConverter; SearchStrategy: all) did not find any beans (OnBeanCondition)

   SpringDocConfiguration#securityParser matched:
      - @ConditionalOnMissingBean (types: org.springdoc.core.service.SecurityService; SearchStrategy: all) did not find any beans (OnBeanCondition)

   SpringDocConfiguration#springDocCustomizers matched:
      - @ConditionalOnMissingBean (types: org.springdoc.core.customizers.SpringDocCustomizers; SearchStrategy: all) did not find any beans (OnBeanCondition)

   SpringDocConfiguration#springDocProviders matched:
      - @ConditionalOnMissingBean (types: org.springdoc.core.providers.SpringDocProviders; SearchStrategy: all) did not find any beans (OnBeanCondition)

   SpringDocConfiguration#springdocObjectMapperProvider matched:
      - @ConditionalOnMissingBean (types: org.springdoc.core.providers.ObjectMapperProvider; SearchStrategy: all) did not find any beans (OnBeanCondition)

   SpringDocConfiguration.QuerydslProvider matched:
      - @ConditionalOnClass found required class 'org.springframework.data.querydsl.binding.QuerydslBindingsFactory' (OnClassCondition)

   SpringDocConfiguration.QuerydslProvider#queryDslQuerydslPredicateOperationCustomizer matched:
      - @ConditionalOnMissingBean (types: org.springdoc.core.customizers.QuerydslPredicateOperationCustomizer; SearchStrategy: all) did not find any beans (OnBeanCondition)

   SpringDocConfiguration.SpringDocSpringDataWebPropertiesProvider matched:
      - @ConditionalOnClass found required class 'org.springframework.boot.autoconfigure.data.web.SpringDataWebProperties' (OnClassCondition)

   SpringDocConfiguration.SpringDocSpringDataWebPropertiesProvider#springDataWebPropertiesProvider matched:
      - @ConditionalOnMissingBean (types: org.springdoc.core.providers.SpringDataWebPropertiesProvider; SearchStrategy: all) did not find any beans (OnBeanCondition)

   SpringDocConfiguration.WebConversionServiceConfiguration matched:
      - @ConditionalOnClass found required class 'org.springframework.boot.autoconfigure.web.format.WebConversionService' (OnClassCondition)

   SpringDocKotlinConfiguration matched:
      - @ConditionalOnClass found required class 'kotlin.coroutines.Continuation' (OnClassCondition)
      - @ConditionalOnWebApplication (required) found 'session' scope (OnWebApplicationCondition)
      - @ConditionalOnProperty (springdoc.api-docs.enabled) matched (OnPropertyCondition)
      - @ConditionalOnExpression (#{${springdoc.api-docs.enabled:true} and ${springdoc.enable-kotlin:true}}) resulted in true (OnExpressionCondition)
      - @ConditionalOnBean (types: org.springdoc.core.configuration.SpringDocConfiguration; SearchStrategy: all) found bean 'org.springdoc.core.configuration.SpringDocConfiguration' (OnBeanCondition)

   SpringDocKotlinConfiguration#kotlinCoroutinesReturnTypeParser matched:
      - @ConditionalOnMissingBean (types: org.springdoc.core.parsers.KotlinCoroutinesReturnTypeParser; SearchStrategy: all) did not find any beans (OnBeanCondition)

   SpringDocKotlinConfiguration#nullableKotlinRequestParameterCustomizer matched:
      - @ConditionalOnProperty (springdoc.nullable-request-parameter-enabled) matched (OnPropertyCondition)
      - @ConditionalOnMissingBean (types: org.springdoc.core.customizers.ParameterCustomizer; SearchStrategy: all) did not find any beans (OnBeanCondition)

   SpringDocPageableConfiguration matched:
      - @ConditionalOnClass found required class 'org.springframework.data.domain.Pageable' (OnClassCondition)
      - @ConditionalOnWebApplication (required) found 'session' scope (OnWebApplicationCondition)
      - @ConditionalOnProperty (springdoc.api-docs.enabled) matched (OnPropertyCondition)
      - @ConditionalOnBean (types: org.springdoc.core.configuration.SpringDocConfiguration; SearchStrategy: all) found bean 'org.springdoc.core.configuration.SpringDocConfiguration' (OnBeanCondition)

   SpringDocPageableConfiguration#delegatingMethodParameterCustomizer matched:
      - @ConditionalOnMissingBean (types: org.springdoc.core.customizers.DelegatingMethodParameterCustomizer; SearchStrategy: all) did not find any beans (OnBeanCondition)

   SpringDocPageableConfiguration#pageableOpenAPIConverter matched:
      - @ConditionalOnProperty (springdoc.model-converters.pageable-converter.enabled) matched (OnPropertyCondition)
      - @ConditionalOnMissingBean (types: org.springdoc.core.converters.PageableOpenAPIConverter; SearchStrategy: all) did not find any beans (OnBeanCondition)

   SpringDocSecurityConfiguration matched:
      - @ConditionalOnClass found required class 'org.springframework.security.web.SecurityFilterChain' (OnClassCondition)
      - @ConditionalOnWebApplication (required) found 'session' scope (OnWebApplicationCondition)
      - @ConditionalOnExpression (#{${springdoc.api-docs.enabled:true} and ${springdoc.enable-spring-security:true}}) resulted in true (OnExpressionCondition)
      - @ConditionalOnBean (types: org.springdoc.core.configuration.SpringDocConfiguration; SearchStrategy: all) found bean 'org.springdoc.core.configuration.SpringDocConfiguration' (OnBeanCondition)

   SpringDocSecurityConfiguration.SpringSecurityLoginEndpointConfiguration matched:
      - @ConditionalOnClass found required class 'jakarta.servlet.Filter' (OnClassCondition)

   SpringDocSortConfiguration matched:
      - @ConditionalOnClass found required class 'org.springframework.data.domain.Sort' (OnClassCondition)
      - @ConditionalOnWebApplication (required) found 'session' scope (OnWebApplicationCondition)
      - @ConditionalOnProperty (springdoc.api-docs.enabled) matched (OnPropertyCondition)
      - @ConditionalOnBean (types: org.springdoc.core.configuration.SpringDocConfiguration; SearchStrategy: all) found bean 'org.springdoc.core.configuration.SpringDocConfiguration' (OnBeanCondition)

   SpringDocSortConfiguration#sortOpenAPIConverter matched:
      - @ConditionalOnProperty (springdoc.sort-converter.enabled) matched (OnPropertyCondition)
      - @ConditionalOnMissingBean (types: org.springdoc.core.converters.SortOpenAPIConverter; SearchStrategy: all) did not find any beans (OnBeanCondition)

   SpringDocUIConfiguration matched:
      - @ConditionalOnWebApplication (required) found 'session' scope (OnWebApplicationCondition)
      - @ConditionalOnBean (types: org.springdoc.core.configuration.SpringDocConfiguration; SearchStrategy: all) found bean 'org.springdoc.core.configuration.SpringDocConfiguration' (OnBeanCondition)

   SpringDocWebMvcConfiguration matched:
      - found 'session' scope (OnWebApplicationCondition)
      - @ConditionalOnProperty (springdoc.api-docs.enabled) matched (OnPropertyCondition)
      - @ConditionalOnBean (types: org.springdoc.core.configuration.SpringDocConfiguration; SearchStrategy: all) found bean 'org.springdoc.core.configuration.SpringDocConfiguration' (OnBeanCondition)

   SpringDocWebMvcConfiguration#openApiResource matched:
      - @ConditionalOnExpression (#{(${springdoc.use-management-port:false} == false ) and ${springdoc.enable-default-api-docs:true}}) resulted in true (OnExpressionCondition)
      - @ConditionalOnMissingBean (types: org.springdoc.webmvc.api.OpenApiWebMvcResource; SearchStrategy: all) did not find any beans (OnBeanCondition)

   SpringDocWebMvcConfiguration#requestBuilder matched:
      - @ConditionalOnMissingBean (types: org.springdoc.webmvc.core.service.RequestService; SearchStrategy: all) did not find any beans (OnBeanCondition)

   SpringDocWebMvcConfiguration#responseBuilder matched:
      - @ConditionalOnMissingBean (types: org.springdoc.core.service.GenericResponseService; SearchStrategy: all) did not find any beans (OnBeanCondition)

   SpringDocWebMvcConfiguration#springWebProvider matched:
      - @ConditionalOnMissingBean (types: org.springdoc.core.providers.SpringWebProvider; SearchStrategy: all) did not find any beans (OnBeanCondition)

   SpringDocWebMvcConfiguration.SpringDocWebMvcRouterConfiguration matched:
      - @ConditionalOnClass found required class 'org.springframework.web.servlet.function.RouterFunction' (OnClassCondition)

   SpringDocWebMvcConfiguration.SpringDocWebMvcRouterConfiguration#routerFunctionProvider matched:
      - @ConditionalOnMissingBean (types: org.springdoc.webmvc.core.providers.RouterFunctionWebMvcProvider; SearchStrategy: all) did not find any beans (OnBeanCondition)

   SpringSchedulingInstrumentationAutoConfiguration matched:
      - @ConditionalOnClass found required classes 'org.springframework.scheduling.annotation.Scheduled', 'org.aspectj.lang.annotation.Aspect' (OnClassCondition)
      - AnyNestedCondition 1 matched 0 did not; NestedCondition on SdkEnabled.NotDisabled @ConditionalOnProperty (otel.sdk.disabled=false) matched (SdkEnabled)
      - @ConditionalOnBean (types: io.opentelemetry.api.OpenTelemetry; SearchStrategy: all) found bean 'openTelemetry' (OnBeanCondition)

   SpringWebInstrumentationAutoConfiguration matched:
      - @ConditionalOnClass found required class 'org.springframework.web.client.RestTemplate' (OnClassCondition)
      - AnyNestedCondition 1 matched 0 did not; NestedCondition on SdkEnabled.NotDisabled @ConditionalOnProperty (otel.sdk.disabled=false) matched (SdkEnabled)
      - @ConditionalOnBean (types: io.opentelemetry.api.OpenTelemetry; SearchStrategy: all) found bean 'openTelemetry' (OnBeanCondition)

   SpringWebMvc6InstrumentationAutoConfiguration matched:
      - @ConditionalOnClass found required classes 'jakarta.servlet.Filter', 'org.springframework.web.filter.OncePerRequestFilter', 'org.springframework.web.servlet.DispatcherServlet' (OnClassCondition)
      - AnyNestedCondition 1 matched 0 did not; NestedCondition on SdkEnabled.NotDisabled @ConditionalOnProperty (otel.sdk.disabled=false) matched (SdkEnabled)
      - @ConditionalOnBean (types: io.opentelemetry.api.OpenTelemetry; SearchStrategy: all) found bean 'openTelemetry' (OnBeanCondition)

   SqlInitializationAutoConfiguration matched:
      - @ConditionalOnProperty (spring.sql.init.enabled) matched (OnPropertyCondition)
      - NoneNestedConditions 0 matched 1 did not; NestedCondition on SqlInitializationAutoConfiguration.SqlInitializationModeCondition.ModeIsNever @ConditionalOnProperty (spring.sql.init.mode=never) did not find property 'mode' (SqlInitializationAutoConfiguration.SqlInitializationModeCondition)

   SslAutoConfiguration#sslBundleRegistry matched:
      - @ConditionalOnMissingBean (types: org.springframework.boot.ssl.SslBundleRegistry,org.springframework.boot.ssl.SslBundles; SearchStrategy: all) did not find any beans (OnBeanCondition)

   SwaggerConfig matched:
      - found 'session' scope (OnWebApplicationCondition)
      - @ConditionalOnProperty (springdoc.swagger-ui.enabled) matched (OnPropertyCondition)
      - @ConditionalOnBean (types: org.springdoc.core.configuration.SpringDocConfiguration; SearchStrategy: all) found bean 'org.springdoc.core.configuration.SpringDocConfiguration' (OnBeanCondition)

   SwaggerConfig#indexPageTransformer matched:
      - @ConditionalOnMissingBean (types: org.springdoc.webmvc.ui.SwaggerIndexTransformer; SearchStrategy: all) did not find any beans (OnBeanCondition)

   SwaggerConfig#swaggerConfigResource matched:
      - @ConditionalOnProperty (springdoc.use-management-port=false) matched (OnPropertyCondition)
      - @ConditionalOnMissingBean (types: org.springdoc.webmvc.ui.SwaggerConfigResource; SearchStrategy: all) did not find any beans (OnBeanCondition)

   SwaggerConfig#swaggerResourceResolver matched:
      - @ConditionalOnMissingBean (types: org.springdoc.webmvc.ui.SwaggerResourceResolver; SearchStrategy: all) did not find any beans (OnBeanCondition)

   SwaggerConfig#swaggerWebMvcConfigurer matched:
      - @ConditionalOnMissingBean (types: org.springdoc.webmvc.ui.SwaggerWebMvcConfigurer; SearchStrategy: all) did not find any beans (OnBeanCondition)

   SwaggerConfig#swaggerWelcome matched:
      - @ConditionalOnProperty (springdoc.use-management-port=false) matched (OnPropertyCondition)
      - @ConditionalOnMissingBean (types: org.springdoc.webmvc.ui.SwaggerWelcomeWebMvc; SearchStrategy: all) did not find any beans (OnBeanCondition)

   SwaggerUiConfigParameters matched:
      - @ConditionalOnProperty (springdoc.swagger-ui.enabled) matched (OnPropertyCondition)
      - @ConditionalOnBean (types: org.springdoc.core.configuration.SpringDocConfiguration; SearchStrategy: all) found bean 'org.springdoc.core.configuration.SpringDocConfiguration' (OnBeanCondition)

   SwaggerUiConfigProperties matched:
      - @ConditionalOnProperty (springdoc.swagger-ui.enabled) matched (OnPropertyCondition)
      - @ConditionalOnBean (types: org.springdoc.core.configuration.SpringDocConfiguration; SearchStrategy: all) found bean 'org.springdoc.core.configuration.SpringDocConfiguration' (OnBeanCondition)

   SwaggerUiOAuthProperties matched:
      - @ConditionalOnProperty (springdoc.swagger-ui.enabled) matched (OnPropertyCondition)
      - @ConditionalOnBean (types: org.springdoc.core.configuration.SpringDocConfiguration; SearchStrategy: all) found bean 'org.springdoc.core.configuration.SpringDocConfiguration' (OnBeanCondition)

   TaskExecutionAutoConfiguration matched:
      - @ConditionalOnClass found required class 'org.springframework.scheduling.concurrent.ThreadPoolTaskExecutor' (OnClassCondition)

   TaskExecutorConfigurations.SimpleAsyncTaskExecutorBuilderConfiguration#simpleAsyncTaskExecutorBuilder matched:
      - @ConditionalOnMissingBean (types: org.springframework.boot.task.SimpleAsyncTaskExecutorBuilder; SearchStrategy: all) did not find any beans (OnBeanCondition)
      - @ConditionalOnThreading found PLATFORM (OnThreadingCondition)

   TaskExecutorConfigurations.TaskExecutorBuilderConfiguration#taskExecutorBuilder matched:
      - @ConditionalOnMissingBean (types: org.springframework.boot.task.TaskExecutorBuilder; SearchStrategy: all) did not find any beans (OnBeanCondition)

   TaskExecutorConfigurations.TaskExecutorConfiguration matched:
      - @ConditionalOnMissingBean (types: java.util.concurrent.Executor; SearchStrategy: all) did not find any beans (OnBeanCondition)

   TaskExecutorConfigurations.TaskExecutorConfiguration#applicationTaskExecutor matched:
      - @ConditionalOnThreading found PLATFORM (OnThreadingCondition)

   TaskExecutorConfigurations.ThreadPoolTaskExecutorBuilderConfiguration#threadPoolTaskExecutorBuilder matched:
      - @ConditionalOnMissingBean (types: org.springframework.boot.task.TaskExecutorBuilder,org.springframework.boot.task.ThreadPoolTaskExecutorBuilder; SearchStrategy: all) did not find any beans (OnBeanCondition)

   TaskSchedulingAutoConfiguration matched:
      - @ConditionalOnClass found required class 'org.springframework.scheduling.concurrent.ThreadPoolTaskScheduler' (OnClassCondition)

   TaskSchedulingConfigurations.SimpleAsyncTaskSchedulerBuilderConfiguration#simpleAsyncTaskSchedulerBuilder matched:
      - @ConditionalOnMissingBean (types: org.springframework.boot.task.SimpleAsyncTaskSchedulerBuilder; SearchStrategy: all) did not find any beans (OnBeanCondition)
      - @ConditionalOnThreading found PLATFORM (OnThreadingCondition)

   TaskSchedulingConfigurations.TaskSchedulerBuilderConfiguration#taskSchedulerBuilder matched:
      - @ConditionalOnMissingBean (types: org.springframework.boot.task.TaskSchedulerBuilder; SearchStrategy: all) did not find any beans (OnBeanCondition)

   TaskSchedulingConfigurations.ThreadPoolTaskSchedulerBuilderConfiguration#threadPoolTaskSchedulerBuilder matched:
      - @ConditionalOnMissingBean (types: org.springframework.boot.task.TaskSchedulerBuilder,org.springframework.boot.task.ThreadPoolTaskSchedulerBuilder; SearchStrategy: all) did not find any beans (OnBeanCondition)

   TransactionAutoConfiguration matched:
      - @ConditionalOnClass found required class 'org.springframework.transaction.PlatformTransactionManager' (OnClassCondition)

   TransactionAutoConfiguration.EnableTransactionManagementConfiguration matched:
      - @ConditionalOnBean (types: org.springframework.transaction.TransactionManager; SearchStrategy: all) found bean 'transactionManager'; @ConditionalOnMissingBean (types: org.springframework.transaction.annotation.AbstractTransactionManagementConfiguration; SearchStrategy: all) did not find any beans (OnBeanCondition)

   TransactionAutoConfiguration.EnableTransactionManagementConfiguration.CglibAutoProxyConfiguration matched:
      - @ConditionalOnProperty (spring.aop.proxy-target-class=true) matched (OnPropertyCondition)

   TransactionAutoConfiguration.TransactionTemplateConfiguration matched:
      - @ConditionalOnSingleCandidate (types: org.springframework.transaction.PlatformTransactionManager; SearchStrategy: all) found a single bean 'transactionManager' (OnBeanCondition)

   TransactionAutoConfiguration.TransactionTemplateConfiguration#transactionTemplate matched:
      - @ConditionalOnMissingBean (types: org.springframework.transaction.support.TransactionOperations; SearchStrategy: all) did not find any beans (OnBeanCondition)

   TransactionManagerCustomizationAutoConfiguration matched:
      - @ConditionalOnClass found required class 'org.springframework.transaction.PlatformTransactionManager' (OnClassCondition)

   TransactionManagerCustomizationAutoConfiguration#platformTransactionManagerCustomizers matched:
      - @ConditionalOnMissingBean (types: org.springframework.boot.autoconfigure.transaction.TransactionManagerCustomizers; SearchStrategy: all) did not find any beans (OnBeanCondition)

   ValidationAutoConfiguration matched:
      - @ConditionalOnClass found required class 'jakarta.validation.executable.ExecutableValidator' (OnClassCondition)
      - @ConditionalOnResource found location classpath:META-INF/services/jakarta.validation.spi.ValidationProvider (OnResourceCondition)

   ValidationAutoConfiguration#defaultValidator matched:
      - @ConditionalOnMissingBean (types: jakarta.validation.Validator; SearchStrategy: all) did not find any beans (OnBeanCondition)

   ValidationAutoConfiguration#methodValidationPostProcessor matched:
      - @ConditionalOnMissingBean (types: org.springframework.validation.beanvalidation.MethodValidationPostProcessor; SearchStrategy: current) did not find any beans (OnBeanCondition)

   WebMvcAutoConfiguration matched:
      - @ConditionalOnClass found required classes 'jakarta.servlet.Servlet', 'org.springframework.web.servlet.DispatcherServlet', 'org.springframework.web.servlet.config.annotation.WebMvcConfigurer' (OnClassCondition)
      - found 'session' scope (OnWebApplicationCondition)
      - @ConditionalOnMissingBean (types: org.springframework.web.servlet.config.annotation.WebMvcConfigurationSupport; SearchStrategy: all) did not find any beans (OnBeanCondition)

   WebMvcAutoConfiguration#formContentFilter matched:
      - @ConditionalOnProperty (spring.mvc.formcontent.filter.enabled) matched (OnPropertyCondition)
      - @ConditionalOnMissingBean (types: org.springframework.web.filter.FormContentFilter; SearchStrategy: all) did not find any beans (OnBeanCondition)

   WebMvcAutoConfiguration.EnableWebMvcConfiguration#flashMapManager matched:
      - @ConditionalOnMissingBean (names: flashMapManager; SearchStrategy: all) did not find any beans (OnBeanCondition)

   WebMvcAutoConfiguration.EnableWebMvcConfiguration#localeResolver matched:
      - @ConditionalOnMissingBean (names: localeResolver; SearchStrategy: all) did not find any beans (OnBeanCondition)

   WebMvcAutoConfiguration.EnableWebMvcConfiguration#themeResolver matched:
      - @ConditionalOnMissingBean (names: themeResolver; SearchStrategy: all) did not find any beans (OnBeanCondition)

   WebMvcAutoConfiguration.WebMvcAutoConfigurationAdapter#defaultViewResolver matched:
      - @ConditionalOnMissingBean (types: org.springframework.web.servlet.view.InternalResourceViewResolver; SearchStrategy: all) did not find any beans (OnBeanCondition)

   WebMvcAutoConfiguration.WebMvcAutoConfigurationAdapter#requestContextFilter matched:
      - @ConditionalOnMissingBean (types: org.springframework.web.context.request.RequestContextListener,org.springframework.web.filter.RequestContextFilter; SearchStrategy: all) did not find any beans (OnBeanCondition)

   WebMvcAutoConfiguration.WebMvcAutoConfigurationAdapter#viewResolver matched:
      - @ConditionalOnBean (types: org.springframework.web.servlet.ViewResolver; SearchStrategy: all) found beans 'defaultViewResolver', 'beanNameViewResolver', 'mvcViewResolver'; @ConditionalOnMissingBean (names: viewResolver types: org.springframework.web.servlet.view.ContentNegotiatingViewResolver; SearchStrategy: all) did not find any beans (OnBeanCondition)

   WebSocketServletAutoConfiguration matched:
      - @ConditionalOnClass found required classes 'jakarta.servlet.Servlet', 'jakarta.websocket.server.ServerContainer' (OnClassCondition)
      - found 'session' scope (OnWebApplicationCondition)

   WebSocketServletAutoConfiguration.TomcatWebSocketConfiguration matched:
      - @ConditionalOnClass found required classes 'org.apache.catalina.startup.Tomcat', 'org.apache.tomcat.websocket.server.WsSci' (OnClassCondition)

   WebSocketServletAutoConfiguration.TomcatWebSocketConfiguration#websocketServletWebServerCustomizer matched:
      - @ConditionalOnMissingBean (names: websocketServletWebServerCustomizer; SearchStrategy: all) did not find any beans (OnBeanCondition)


Negative matches:
-----------------

   ActiveMQAutoConfiguration:
      Did not match:
         - @ConditionalOnClass did not find required class 'jakarta.jms.ConnectionFactory' (OnClassCondition)

   AopAutoConfiguration.AspectJAutoProxyingConfiguration.JdkDynamicAutoProxyConfiguration:
      Did not match:
         - @ConditionalOnProperty (spring.aop.proxy-target-class=false) did not find property 'proxy-target-class' (OnPropertyCondition)

   AopAutoConfiguration.ClassProxyingConfiguration:
      Did not match:
         - @ConditionalOnMissingClass found unwanted class 'org.aspectj.weaver.Advice' (OnClassCondition)

   ArtemisAutoConfiguration:
      Did not match:
         - @ConditionalOnClass did not find required class 'jakarta.jms.ConnectionFactory' (OnClassCondition)

   BatchAutoConfiguration:
      Did not match:
         - @ConditionalOnClass did not find required class 'org.springframework.batch.core.launch.JobLauncher' (OnClassCondition)

   Cache2kCacheConfiguration:
      Did not match:
         - @ConditionalOnClass did not find required class 'org.cache2k.Cache2kBuilder' (OnClassCondition)

   CacheAutoConfiguration:
      Did not match:
         - @ConditionalOnBean (types: org.springframework.cache.interceptor.CacheAspectSupport; SearchStrategy: all) did not find any beans of type org.springframework.cache.interceptor.CacheAspectSupport (OnBeanCondition)
      Matched:
         - @ConditionalOnClass found required class 'org.springframework.cache.CacheManager' (OnClassCondition)

   CacheAutoConfiguration.CacheManagerEntityManagerFactoryDependsOnPostProcessor:
      Did not match:
         - Ancestor org.springframework.boot.autoconfigure.cache.CacheAutoConfiguration did not match (ConditionEvaluationReport.AncestorsMatchedCondition)
      Matched:
         - @ConditionalOnClass found required class 'org.springframework.orm.jpa.LocalContainerEntityManagerFactoryBean' (OnClassCondition)

   CaffeineCacheConfiguration:
      Did not match:
         - @ConditionalOnClass did not find required class 'com.github.benmanes.caffeine.cache.Caffeine' (OnClassCondition)

   CassandraAutoConfiguration:
      Did not match:
         - @ConditionalOnClass did not find required class 'com.datastax.oss.driver.api.core.CqlSession' (OnClassCondition)

   CassandraDataAutoConfiguration:
      Did not match:
         - @ConditionalOnClass did not find required class 'com.datastax.oss.driver.api.core.CqlSession' (OnClassCondition)

   CassandraReactiveDataAutoConfiguration:
      Did not match:
         - @ConditionalOnClass did not find required class 'com.datastax.oss.driver.api.core.CqlSession' (OnClassCondition)

   CassandraReactiveRepositoriesAutoConfiguration:
      Did not match:
         - @ConditionalOnClass did not find required class 'org.springframework.data.cassandra.ReactiveSession' (OnClassCondition)

   CassandraRepositoriesAutoConfiguration:
      Did not match:
         - @ConditionalOnClass did not find required class 'com.datastax.oss.driver.api.core.CqlSession' (OnClassCondition)

   ClientHttpConnectorAutoConfiguration:
      Did not match:
         - @ConditionalOnClass did not find required class 'org.springframework.web.reactive.function.client.WebClient' (OnClassCondition)

   CodecsAutoConfiguration:
      Did not match:
         - @ConditionalOnClass did not find required class 'org.springframework.web.reactive.function.client.WebClient' (OnClassCondition)

   CouchbaseAutoConfiguration:
      Did not match:
         - @ConditionalOnClass did not find required class 'com.couchbase.client.java.Cluster' (OnClassCondition)

   CouchbaseCacheConfiguration:
      Did not match:
         - @ConditionalOnClass did not find required class 'com.couchbase.client.java.Cluster' (OnClassCondition)

   CouchbaseDataAutoConfiguration:
      Did not match:
         - @ConditionalOnClass did not find required class 'com.couchbase.client.java.Bucket' (OnClassCondition)

   CouchbaseReactiveDataAutoConfiguration:
      Did not match:
         - @ConditionalOnClass did not find required class 'com.couchbase.client.java.Cluster' (OnClassCondition)

   CouchbaseReactiveRepositoriesAutoConfiguration:
      Did not match:
         - @ConditionalOnClass did not find required class 'com.couchbase.client.java.Cluster' (OnClassCondition)

   CouchbaseRepositoriesAutoConfiguration:
      Did not match:
         - @ConditionalOnClass did not find required class 'com.couchbase.client.java.Bucket' (OnClassCondition)

   DataSourceAutoConfiguration.EmbeddedDatabaseConfiguration:
      Did not match:
         - EmbeddedDataSource spring.datasource.url is set (DataSourceAutoConfiguration.EmbeddedDatabaseCondition)

   DataSourceCheckpointRestoreConfiguration:
      Did not match:
         - @ConditionalOnClass did not find required class 'org.crac.Resource' (OnClassCondition)

   DataSourceConfiguration.Dbcp2:
      Did not match:
         - @ConditionalOnClass did not find required class 'org.apache.commons.dbcp2.BasicDataSource' (OnClassCondition)

   DataSourceConfiguration.Generic:
      Did not match:
         - @ConditionalOnProperty (spring.datasource.type) did not find property 'spring.datasource.type' (OnPropertyCondition)

   DataSourceConfiguration.OracleUcp:
      Did not match:
         - @ConditionalOnClass did not find required classes 'oracle.ucp.jdbc.PoolDataSourceImpl', 'oracle.jdbc.OracleConnection' (OnClassCondition)

   DataSourceConfiguration.Tomcat:
      Did not match:
         - @ConditionalOnClass did not find required class 'org.apache.tomcat.jdbc.pool.DataSource' (OnClassCondition)

   DataSourceJmxConfiguration.TomcatDataSourceJmxConfiguration:
      Did not match:
         - @ConditionalOnClass did not find required class 'org.apache.tomcat.jdbc.pool.DataSourceProxy' (OnClassCondition)

   DataSourcePoolMetadataProvidersConfiguration.CommonsDbcp2PoolDataSourceMetadataProviderConfiguration:
      Did not match:
         - @ConditionalOnClass did not find required class 'org.apache.commons.dbcp2.BasicDataSource' (OnClassCondition)

   DataSourcePoolMetadataProvidersConfiguration.OracleUcpPoolDataSourceMetadataProviderConfiguration:
      Did not match:
         - @ConditionalOnClass did not find required classes 'oracle.ucp.jdbc.PoolDataSource', 'oracle.jdbc.OracleConnection' (OnClassCondition)

   DataSourcePoolMetadataProvidersConfiguration.TomcatDataSourcePoolMetadataProviderConfiguration:
      Did not match:
         - @ConditionalOnClass did not find required class 'org.apache.tomcat.jdbc.pool.DataSource' (OnClassCondition)

   DataSourceTransactionManagerAutoConfiguration.JdbcTransactionManagerConfiguration#transactionManager:
      Did not match:
         - @ConditionalOnMissingBean (types: org.springframework.transaction.TransactionManager; SearchStrategy: all) found beans of type 'org.springframework.transaction.TransactionManager' transactionManager (OnBeanCondition)

   DispatcherServletAutoConfiguration.DispatcherServletConfiguration#multipartResolver:
      Did not match:
         - @ConditionalOnBean (types: org.springframework.web.multipart.MultipartResolver; SearchStrategy: all) did not find any beans of type org.springframework.web.multipart.MultipartResolver (OnBeanCondition)

   ElasticsearchClientAutoConfiguration:
      Did not match:
         - @ConditionalOnClass did not find required class 'co.elastic.clients.elasticsearch.ElasticsearchClient' (OnClassCondition)

   ElasticsearchDataAutoConfiguration:
      Did not match:
         - @ConditionalOnClass did not find required class 'org.springframework.data.elasticsearch.client.elc.ElasticsearchTemplate' (OnClassCondition)

   ElasticsearchRepositoriesAutoConfiguration:
      Did not match:
         - @ConditionalOnClass did not find required class 'org.springframework.data.elasticsearch.repository.ElasticsearchRepository' (OnClassCondition)

   ElasticsearchRestClientAutoConfiguration:
      Did not match:
         - @ConditionalOnClass did not find required class 'org.elasticsearch.client.RestClientBuilder' (OnClassCondition)

   EmbeddedLdapAutoConfiguration:
      Did not match:
         - @ConditionalOnClass did not find required class 'com.unboundid.ldap.listener.InMemoryDirectoryServer' (OnClassCondition)

   EmbeddedWebServerFactoryCustomizerAutoConfiguration.JettyWebServerFactoryCustomizerConfiguration:
      Did not match:
         - @ConditionalOnClass did not find required classes 'org.eclipse.jetty.server.Server', 'org.eclipse.jetty.util.Loader', 'org.eclipse.jetty.ee10.webapp.WebAppContext' (OnClassCondition)

   EmbeddedWebServerFactoryCustomizerAutoConfiguration.NettyWebServerFactoryCustomizerConfiguration:
      Did not match:
         - @ConditionalOnClass did not find required class 'reactor.netty.http.server.HttpServer' (OnClassCondition)

   EmbeddedWebServerFactoryCustomizerAutoConfiguration.TomcatWebServerFactoryCustomizerConfiguration#tomcatVirtualThreadsProtocolHandlerCustomizer:
      Did not match:
         - @ConditionalOnThreading did not find VIRTUAL (OnThreadingCondition)

   EmbeddedWebServerFactoryCustomizerAutoConfiguration.UndertowWebServerFactoryCustomizerConfiguration:
      Did not match:
         - @ConditionalOnClass did not find required classes 'io.undertow.Undertow', 'org.xnio.SslClientAuthMode' (OnClassCondition)

   ErrorWebFluxAutoConfiguration:
      Did not match:
         - @ConditionalOnClass did not find required class 'org.springframework.web.reactive.config.WebFluxConfigurer' (OnClassCondition)

   FlywayAutoConfiguration:
      Did not match:
         - @ConditionalOnProperty (spring.flyway.enabled) found different value in property 'enabled' (OnPropertyCondition)
      Matched:
         - @ConditionalOnClass found required class 'org.flywaydb.core.Flyway' (OnClassCondition)

   FreeMarkerAutoConfiguration:
      Did not match:
         - @ConditionalOnClass did not find required class 'freemarker.template.Configuration' (OnClassCondition)

   GraphQlAutoConfiguration:
      Did not match:
         - @ConditionalOnClass did not find required class 'graphql.GraphQL' (OnClassCondition)

   GraphQlQueryByExampleAutoConfiguration:
      Did not match:
         - @ConditionalOnClass did not find required class 'graphql.GraphQL' (OnClassCondition)

   GraphQlQuerydslAutoConfiguration:
      Did not match:
         - @ConditionalOnClass did not find required class 'com.querydsl.core.Query' (OnClassCondition)

   GraphQlRSocketAutoConfiguration:
      Did not match:
         - @ConditionalOnClass did not find required class 'graphql.GraphQL' (OnClassCondition)

   GraphQlReactiveQueryByExampleAutoConfiguration:
      Did not match:
         - @ConditionalOnClass did not find required class 'graphql.GraphQL' (OnClassCondition)

   GraphQlReactiveQuerydslAutoConfiguration:
      Did not match:
         - @ConditionalOnClass did not find required class 'com.querydsl.core.Query' (OnClassCondition)

   GraphQlWebFluxAutoConfiguration:
      Did not match:
         - @ConditionalOnClass did not find required class 'graphql.GraphQL' (OnClassCondition)

   GraphQlWebFluxSecurityAutoConfiguration:
      Did not match:
         - @ConditionalOnClass did not find required class 'graphql.GraphQL' (OnClassCondition)

   GraphQlWebMvcAutoConfiguration:
      Did not match:
         - @ConditionalOnClass did not find required class 'graphql.GraphQL' (OnClassCondition)

   GraphQlWebMvcSecurityAutoConfiguration:
      Did not match:
         - @ConditionalOnClass did not find required class 'graphql.GraphQL' (OnClassCondition)

   GroovyTemplateAutoConfiguration:
      Did not match:
         - @ConditionalOnClass did not find required class 'groovy.text.markup.MarkupTemplateEngine' (OnClassCondition)

   GsonHttpMessageConvertersConfiguration.GsonHttpMessageConverterConfiguration:
      Did not match:
         - AnyNestedCondition 0 matched 2 did not; NestedCondition on GsonHttpMessageConvertersConfiguration.PreferGsonOrJacksonAndJsonbUnavailableCondition.JacksonJsonbUnavailable NoneNestedConditions 1 matched 1 did not; NestedCondition on GsonHttpMessageConvertersConfiguration.JacksonAndJsonbUnavailableCondition.JsonbPreferred @ConditionalOnProperty (spring.mvc.converters.preferred-json-mapper=jsonb) did not find property 'spring.mvc.converters.preferred-json-mapper'; NestedCondition on GsonHttpMessageConvertersConfiguration.JacksonAndJsonbUnavailableCondition.JacksonAvailable @ConditionalOnBean (types: org.springframework.http.converter.json.MappingJackson2HttpMessageConverter; SearchStrategy: all) found bean 'mappingJackson2HttpMessageConverter'; NestedCondition on GsonHttpMessageConvertersConfiguration.PreferGsonOrJacksonAndJsonbUnavailableCondition.GsonPreferred @ConditionalOnProperty (spring.mvc.converters.preferred-json-mapper=gson) did not find property 'spring.mvc.converters.preferred-json-mapper' (GsonHttpMessageConvertersConfiguration.PreferGsonOrJacksonAndJsonbUnavailableCondition)

   HazelcastAutoConfiguration:
      Did not match:
         - @ConditionalOnClass did not find required class 'com.hazelcast.core.HazelcastInstance' (OnClassCondition)

   HazelcastCacheConfiguration:
      Did not match:
         - @ConditionalOnClass did not find required class 'com.hazelcast.core.HazelcastInstance' (OnClassCondition)

   HazelcastJpaDependencyAutoConfiguration:
      Did not match:
         - @ConditionalOnClass did not find required class 'com.hazelcast.core.HazelcastInstance' (OnClassCondition)

   HttpHandlerAutoConfiguration:
      Did not match:
         - @ConditionalOnClass did not find required class 'org.springframework.web.reactive.DispatcherHandler' (OnClassCondition)

   HypermediaAutoConfiguration:
      Did not match:
         - @ConditionalOnClass did not find required class 'org.springframework.hateoas.EntityModel' (OnClassCondition)

   InfinispanCacheConfiguration:
      Did not match:
         - @ConditionalOnClass did not find required class 'org.infinispan.spring.embedded.provider.SpringEmbeddedCacheManager' (OnClassCondition)

   InfluxDbAutoConfiguration:
      Did not match:
         - @ConditionalOnClass did not find required class 'org.influxdb.InfluxDB' (OnClassCondition)

   IntegrationAutoConfiguration:
      Did not match:
         - @ConditionalOnClass did not find required class 'org.springframework.integration.config.EnableIntegration' (OnClassCondition)

   JCacheCacheConfiguration:
      Did not match:
         - @ConditionalOnClass did not find required class 'javax.cache.Caching' (OnClassCondition)

   JacksonAutoConfiguration.JacksonObjectMapperConfiguration#jacksonObjectMapper:
      Did not match:
         - @ConditionalOnMissingBean (types: com.fasterxml.jackson.databind.ObjectMapper; SearchStrategy: all) found beans of type 'com.fasterxml.jackson.databind.ObjectMapper' objectMapper (OnBeanCondition)

   JacksonHttpMessageConvertersConfiguration.MappingJackson2XmlHttpMessageConverterConfiguration:
      Did not match:
         - @ConditionalOnClass did not find required class 'com.fasterxml.jackson.dataformat.xml.XmlMapper' (OnClassCondition)

   JdbcRepositoriesAutoConfiguration:
      Did not match:
         - @ConditionalOnClass did not find required class 'org.springframework.data.jdbc.repository.config.AbstractJdbcConfiguration' (OnClassCondition)

   JerseyAutoConfiguration:
      Did not match:
         - @ConditionalOnClass did not find required class 'org.glassfish.jersey.server.spring.SpringComponentProvider' (OnClassCondition)

   JmsAutoConfiguration:
      Did not match:
         - @ConditionalOnClass did not find required class 'jakarta.jms.Message' (OnClassCondition)

   JmxAutoConfiguration:
      Did not match:
         - @ConditionalOnProperty (spring.jmx.enabled=true) did not find property 'enabled' (OnPropertyCondition)
      Matched:
         - @ConditionalOnClass found required class 'org.springframework.jmx.export.MBeanExporter' (OnClassCondition)

   JndiConnectionFactoryAutoConfiguration:
      Did not match:
         - @ConditionalOnClass did not find required class 'org.springframework.jms.core.JmsTemplate' (OnClassCondition)

   JndiDataSourceAutoConfiguration:
      Did not match:
         - @ConditionalOnProperty (spring.datasource.jndi-name) did not find property 'jndi-name' (OnPropertyCondition)
      Matched:
         - @ConditionalOnClass found required classes 'javax.sql.DataSource', 'org.springframework.jdbc.datasource.embedded.EmbeddedDatabaseType' (OnClassCondition)

   JndiJtaConfiguration:
      Did not match:
         - @ConditionalOnJndi JNDI environment is not available (OnJndiCondition)
      Matched:
         - @ConditionalOnClass found required class 'org.springframework.transaction.jta.JtaTransactionManager' (OnClassCondition)

   JooqAutoConfiguration:
      Did not match:
         - @ConditionalOnClass did not find required class 'org.jooq.DSLContext' (OnClassCondition)

   JpaRepositoriesAutoConfiguration#entityManagerFactoryBootstrapExecutorCustomizer:
      Did not match:
         - AnyNestedCondition 0 matched 2 did not; NestedCondition on JpaRepositoriesAutoConfiguration.BootstrapExecutorCondition.LazyBootstrapMode @ConditionalOnProperty (spring.data.jpa.repositories.bootstrap-mode=lazy) did not find property 'bootstrap-mode'; NestedCondition on JpaRepositoriesAutoConfiguration.BootstrapExecutorCondition.DeferredBootstrapMode @ConditionalOnProperty (spring.data.jpa.repositories.bootstrap-mode=deferred) did not find property 'bootstrap-mode' (JpaRepositoriesAutoConfiguration.BootstrapExecutorCondition)

   JsonbAutoConfiguration:
      Did not match:
         - @ConditionalOnClass did not find required class 'jakarta.json.bind.Jsonb' (OnClassCondition)

   JsonbHttpMessageConvertersConfiguration:
      Did not match:
         - @ConditionalOnClass did not find required class 'jakarta.json.bind.Jsonb' (OnClassCondition)

   KafkaAnnotationDrivenConfiguration#kafkaListenerContainerFactoryConfigurerVirtualThreads:
      Did not match:
         - @ConditionalOnMissingBean (types: org.springframework.boot.autoconfigure.kafka.ConcurrentKafkaListenerContainerFactoryConfigurer; SearchStrategy: all) found beans of type 'org.springframework.boot.autoconfigure.kafka.ConcurrentKafkaListenerContainerFactoryConfigurer' kafkaListenerContainerFactoryConfigurer (OnBeanCondition)

   KafkaAutoConfiguration#kafkaJaasInitializer:
      Did not match:
         - @ConditionalOnProperty (spring.kafka.jaas.enabled) did not find property 'spring.kafka.jaas.enabled' (OnPropertyCondition)

   KafkaAutoConfiguration#kafkaProducerFactory:
      Did not match:
         - @ConditionalOnMissingBean (types: org.springframework.kafka.core.ProducerFactory; SearchStrategy: all) found beans of type 'org.springframework.kafka.core.ProducerFactory' producerFactory (OnBeanCondition)

   KafkaAutoConfiguration#kafkaRetryTopicConfiguration:
      Did not match:
         - @ConditionalOnProperty (spring.kafka.retry.topic.enabled) did not find property 'spring.kafka.retry.topic.enabled' (OnPropertyCondition)

   KafkaAutoConfiguration#kafkaTemplate:
      Did not match:
         - @ConditionalOnMissingBean (types: org.springframework.kafka.core.KafkaTemplate; SearchStrategy: all) found beans of type 'org.springframework.kafka.core.KafkaTemplate' kafkaTemplate (OnBeanCondition)

   KafkaAutoConfiguration#kafkaTransactionManager:
      Did not match:
         - @ConditionalOnProperty (spring.kafka.producer.transaction-id-prefix) did not find property 'spring.kafka.producer.transaction-id-prefix' (OnPropertyCondition)

   KafkaStreamsAnnotationDrivenConfiguration:
      Did not match:
         - @ConditionalOnClass did not find required class 'org.apache.kafka.streams.StreamsBuilder' (OnClassCondition)

   LdapAutoConfiguration:
      Did not match:
         - @ConditionalOnClass did not find required class 'org.springframework.ldap.core.ContextSource' (OnClassCondition)

   LdapRepositoriesAutoConfiguration:
      Did not match:
         - @ConditionalOnClass did not find required class 'org.springframework.data.ldap.repository.LdapRepository' (OnClassCondition)

   LiquibaseAutoConfiguration:
      Did not match:
         - @ConditionalOnClass did not find required class 'liquibase.change.DatabaseChange' (OnClassCondition)

   MailSenderAutoConfiguration:
      Did not match:
         - @ConditionalOnClass did not find required class 'jakarta.mail.internet.MimeMessage' (OnClassCondition)

   MailSenderValidatorAutoConfiguration:
      Did not match:
         - @ConditionalOnSingleCandidate did not find required type 'org.springframework.mail.javamail.JavaMailSenderImpl' (OnBeanCondition)

   MessageSourceAutoConfiguration:
      Did not match:
         - ResourceBundle did not find bundle with basename messages (MessageSourceAutoConfiguration.ResourceBundleCondition)

   MicrometerBridgeAutoConfiguration:
      Did not match:
         - @ConditionalOnClass did not find required class 'io.micrometer.core.instrument.MeterRegistry' (OnClassCondition)

   MongoAutoConfiguration:
      Did not match:
         - @ConditionalOnClass did not find required class 'com.mongodb.client.MongoClient' (OnClassCondition)

   MongoClientInstrumentationAutoConfiguration:
      Did not match:
         - @ConditionalOnClass did not find required class 'com.mongodb.MongoClientSettings' (OnClassCondition)

   MongoDataAutoConfiguration:
      Did not match:
         - @ConditionalOnClass did not find required class 'com.mongodb.client.MongoClient' (OnClassCondition)

   MongoReactiveAutoConfiguration:
      Did not match:
         - @ConditionalOnClass did not find required class 'com.mongodb.reactivestreams.client.MongoClient' (OnClassCondition)

   MongoReactiveDataAutoConfiguration:
      Did not match:
         - @ConditionalOnClass did not find required class 'com.mongodb.reactivestreams.client.MongoClient' (OnClassCondition)

   MongoReactiveRepositoriesAutoConfiguration:
      Did not match:
         - @ConditionalOnClass did not find required class 'com.mongodb.reactivestreams.client.MongoClient' (OnClassCondition)

   MongoRepositoriesAutoConfiguration:
      Did not match:
         - @ConditionalOnClass did not find required class 'com.mongodb.client.MongoClient' (OnClassCondition)

   MultipleOpenApiSupportConfiguration:
      Did not match:
         - AnyNestedCondition 0 matched 2 did not; NestedCondition on MultipleOpenApiSupportCondition.OnActuatorDifferentPort @ConditionalOnProperty (springdoc.show-actuator) did not find property 'springdoc.show-actuator'; NestedCondition on MultipleOpenApiSupportCondition.OnMultipleOpenApiSupportCondition AnyNestedCondition 0 matched 2 did not; NestedCondition on MultipleOpenApiGroupsCondition.OnGroupConfigProperty @ConditionalOnProperty (springdoc.group-configs[0].group) did not find property 'springdoc.group-configs[0].group'; NestedCondition on MultipleOpenApiGroupsCondition.OnGroupedOpenApiBean @ConditionalOnBean (types: org.springdoc.core.models.GroupedOpenApi; SearchStrategy: all) did not find any beans of type org.springdoc.core.models.GroupedOpenApi (MultipleOpenApiSupportCondition)
      Matched:
         - found 'session' scope (OnWebApplicationCondition)
         - @ConditionalOnProperty (springdoc.api-docs.enabled) matched (OnPropertyCondition)

   MultipleOpenApiSupportConfiguration.SpringDocWebMvcActuatorDifferentConfiguration:
      Did not match:
         - @ConditionalOnClass did not find required class 'org.springframework.boot.actuate.endpoint.web.servlet.WebMvcEndpointHandlerMapping' (OnClassCondition)
         - Ancestor org.springdoc.webmvc.core.configuration.MultipleOpenApiSupportConfiguration did not match (ConditionEvaluationReport.AncestorsMatchedCondition)

   MustacheAutoConfiguration:
      Did not match:
         - @ConditionalOnClass did not find required class 'com.samskivert.mustache.Mustache' (OnClassCondition)

   Neo4jAutoConfiguration:
      Did not match:
         - @ConditionalOnClass did not find required class 'org.neo4j.driver.Driver' (OnClassCondition)

   Neo4jDataAutoConfiguration:
      Did not match:
         - @ConditionalOnClass did not find required class 'org.neo4j.driver.Driver' (OnClassCondition)

   Neo4jReactiveDataAutoConfiguration:
      Did not match:
         - @ConditionalOnClass did not find required class 'org.neo4j.driver.Driver' (OnClassCondition)

   Neo4jReactiveRepositoriesAutoConfiguration:
      Did not match:
         - @ConditionalOnClass did not find required class 'org.neo4j.driver.Driver' (OnClassCondition)

   Neo4jRepositoriesAutoConfiguration:
      Did not match:
         - @ConditionalOnClass did not find required class 'org.neo4j.driver.Driver' (OnClassCondition)

   NettyAutoConfiguration:
      Did not match:
         - @ConditionalOnClass did not find required class 'io.netty.util.NettyRuntime' (OnClassCondition)

   NoOpEventPublisher:
      Did not match:
         - @ConditionalOnProperty (kafka.enabled=false) did not find property 'kafka.enabled' (OnPropertyCondition)

   OAuth2AuthorizationServerAutoConfiguration:
      Did not match:
         - @ConditionalOnClass did not find required class 'org.springframework.security.oauth2.server.authorization.OAuth2Authorization' (OnClassCondition)

   OAuth2AuthorizationServerJwtAutoConfiguration:
      Did not match:
         - @ConditionalOnClass did not find required class 'org.springframework.security.oauth2.server.authorization.OAuth2Authorization' (OnClassCondition)

   OAuth2ClientAutoConfiguration:
      Did not match:
         - @ConditionalOnClass did not find required class 'org.springframework.security.oauth2.client.registration.ClientRegistration' (OnClassCondition)

   OAuth2ResourceServerAutoConfiguration:
      Did not match:
         - @ConditionalOnClass did not find required class 'org.springframework.security.oauth2.server.resource.authentication.BearerTokenAuthenticationToken' (OnClassCondition)

   OpenTelemetryAppenderAutoConfiguration.Log4jAppenderConfig:
      Did not match:
         - @ConditionalOnClass did not find required class 'org.apache.logging.log4j.core.LoggerContext' (OnClassCondition)

   OpenTelemetryAutoConfiguration.DisabledOpenTelemetrySdkConfig:
      Did not match:
         - @ConditionalOnProperty (otel.sdk.disabled=true) did not find property 'otel.sdk.disabled' (OnPropertyCondition)

   OpenTelemetryAutoConfiguration.FallbackConfigProperties:
      Did not match:
         - @ConditionalOnBean (types: io.opentelemetry.api.OpenTelemetry; SearchStrategy: all) did not find any beans of type io.opentelemetry.api.OpenTelemetry (OnBeanCondition)

   ProjectInfoAutoConfiguration#buildProperties:
      Did not match:
         - @ConditionalOnResource did not find resource '${spring.info.build.location:classpath:META-INF/build-info.properties}' (OnResourceCondition)

   ProjectInfoAutoConfiguration#gitProperties:
      Did not match:
         - GitResource did not find git info at classpath:git.properties (ProjectInfoAutoConfiguration.GitResourceAvailableCondition)

   PulsarAutoConfiguration:
      Did not match:
         - @ConditionalOnClass did not find required class 'org.apache.pulsar.client.api.PulsarClient' (OnClassCondition)

   PulsarReactiveAutoConfiguration:
      Did not match:
         - @ConditionalOnClass did not find required class 'org.apache.pulsar.client.api.PulsarClient' (OnClassCondition)

   QuartzAutoConfiguration:
      Did not match:
         - @ConditionalOnClass did not find required class 'org.quartz.Scheduler' (OnClassCondition)

   R2dbcAutoConfiguration:
      Did not match:
         - @ConditionalOnClass did not find required class 'io.r2dbc.spi.ConnectionFactory' (OnClassCondition)

   R2dbcDataAutoConfiguration:
      Did not match:
         - @ConditionalOnClass did not find required class 'org.springframework.data.r2dbc.core.R2dbcEntityTemplate' (OnClassCondition)

   R2dbcInitializationConfiguration:
      Did not match:
         - @ConditionalOnClass did not find required classes 'io.r2dbc.spi.ConnectionFactory', 'org.springframework.r2dbc.connection.init.DatabasePopulator' (OnClassCondition)

   R2dbcInstrumentationAutoConfiguration:
      Did not match:
         - @ConditionalOnClass did not find required class 'io.r2dbc.spi.ConnectionFactory' (OnClassCondition)

   R2dbcRepositoriesAutoConfiguration:
      Did not match:
         - @ConditionalOnClass did not find required class 'io.r2dbc.spi.ConnectionFactory' (OnClassCondition)

   R2dbcTransactionManagerAutoConfiguration:
      Did not match:
         - @ConditionalOnClass did not find required class 'org.springframework.r2dbc.connection.R2dbcTransactionManager' (OnClassCondition)

   RSocketGraphQlClientAutoConfiguration:
      Did not match:
         - @ConditionalOnClass did not find required class 'graphql.GraphQL' (OnClassCondition)

   RSocketMessagingAutoConfiguration:
      Did not match:
         - @ConditionalOnClass did not find required class 'io.rsocket.RSocket' (OnClassCondition)

   RSocketRequesterAutoConfiguration:
      Did not match:
         - @ConditionalOnClass did not find required class 'io.rsocket.RSocket' (OnClassCondition)

   RSocketSecurityAutoConfiguration:
      Did not match:
         - @ConditionalOnClass did not find required class 'org.springframework.security.rsocket.core.SecuritySocketAcceptorInterceptor' (OnClassCondition)

   RSocketServerAutoConfiguration:
      Did not match:
         - @ConditionalOnClass did not find required class 'io.rsocket.core.RSocketServer' (OnClassCondition)

   RSocketStrategiesAutoConfiguration:
      Did not match:
         - @ConditionalOnClass did not find required class 'io.netty.buffer.PooledByteBufAllocator' (OnClassCondition)

   RabbitAutoConfiguration:
      Did not match:
         - @ConditionalOnClass did not find required class 'com.rabbitmq.client.Channel' (OnClassCondition)

   ReactiveElasticsearchClientAutoConfiguration:
      Did not match:
         - @ConditionalOnClass did not find required class 'co.elastic.clients.transport.ElasticsearchTransport' (OnClassCondition)

   ReactiveElasticsearchRepositoriesAutoConfiguration:
      Did not match:
         - @ConditionalOnClass did not find required class 'reactor.core.publisher.Mono' (OnClassCondition)

   ReactiveMultipartAutoConfiguration:
      Did not match:
         - @ConditionalOnClass did not find required class 'org.springframework.web.reactive.config.WebFluxConfigurer' (OnClassCondition)

   ReactiveOAuth2ClientAutoConfiguration:
      Did not match:
         - @ConditionalOnClass did not find required class 'reactor.core.publisher.Flux' (OnClassCondition)

   ReactiveOAuth2ResourceServerAutoConfiguration:
      Did not match:
         - @ConditionalOnWebApplication did not find reactive web application classes (OnWebApplicationCondition)

   ReactiveSecurityAutoConfiguration:
      Did not match:
         - @ConditionalOnClass did not find required class 'reactor.core.publisher.Flux' (OnClassCondition)

   ReactiveUserDetailsServiceAutoConfiguration:
      Did not match:
         - AnyNestedCondition 0 matched 2 did not; NestedCondition on ReactiveUserDetailsServiceAutoConfiguration.RSocketEnabledOrReactiveWebApplication.ReactiveWebApplicationCondition did not find reactive web application classes; NestedCondition on ReactiveUserDetailsServiceAutoConfiguration.RSocketEnabledOrReactiveWebApplication.RSocketSecurityEnabledCondition @ConditionalOnBean (types: org.springframework.messaging.rsocket.annotation.support.RSocketMessageHandler; SearchStrategy: all) did not find any beans of type org.springframework.messaging.rsocket.annotation.support.RSocketMessageHandler (ReactiveUserDetailsServiceAutoConfiguration.RSocketEnabledOrReactiveWebApplication)
      Matched:
         - @ConditionalOnClass found required class 'org.springframework.security.authentication.ReactiveAuthenticationManager' (OnClassCondition)
         - AnyNestedCondition 1 matched 2 did not; NestedCondition on ReactiveUserDetailsServiceAutoConfiguration.MissingAlternativeOrUserPropertiesConfigured.PasswordConfigured @ConditionalOnProperty (spring.security.user.password) did not find property 'password'; NestedCondition on ReactiveUserDetailsServiceAutoConfiguration.MissingAlternativeOrUserPropertiesConfigured.NameConfigured @ConditionalOnProperty (spring.security.user.name) did not find property 'name'; NestedCondition on ReactiveUserDetailsServiceAutoConfiguration.MissingAlternativeOrUserPropertiesConfigured.MissingAlternative @ConditionalOnMissingClass did not find unwanted classes 'org.springframework.security.oauth2.client.registration.ClientRegistrationRepository', 'org.springframework.security.oauth2.server.resource.introspection.ReactiveOpaqueTokenIntrospector' (ReactiveUserDetailsServiceAutoConfiguration.MissingAlternativeOrUserPropertiesConfigured)

   ReactiveWebServerFactoryAutoConfiguration:
      Did not match:
         - @ConditionalOnWebApplication did not find reactive web application classes (OnWebApplicationCondition)

   ReactorAutoConfiguration:
      Did not match:
         - @ConditionalOnClass did not find required class 'reactor.core.publisher.Hooks' (OnClassCondition)

   RedisAutoConfiguration:
      Did not match:
         - @ConditionalOnClass did not find required class 'org.springframework.data.redis.core.RedisOperations' (OnClassCondition)

   RedisCacheConfiguration:
      Did not match:
         - @ConditionalOnClass did not find required class 'org.springframework.data.redis.connection.RedisConnectionFactory' (OnClassCondition)

   RedisReactiveAutoConfiguration:
      Did not match:
         - @ConditionalOnClass did not find required class 'reactor.core.publisher.Flux' (OnClassCondition)

   RedisRepositoriesAutoConfiguration:
      Did not match:
         - @ConditionalOnClass did not find required class 'org.springframework.data.redis.repository.configuration.EnableRedisRepositories' (OnClassCondition)

   RepositoryRestMvcAutoConfiguration:
      Did not match:
         - @ConditionalOnClass did not find required class 'org.springframework.data.rest.webmvc.config.RepositoryRestMvcConfiguration' (OnClassCondition)

   Saml2RelyingPartyAutoConfiguration:
      Did not match:
         - @ConditionalOnClass did not find required class 'org.springframework.security.saml2.provider.service.registration.RelyingPartyRegistrationRepository' (OnClassCondition)

   SecurityDataConfiguration:
      Did not match:
         - @ConditionalOnClass did not find required class 'org.springframework.security.data.repository.query.SecurityEvaluationContextExtension' (OnClassCondition)

   SendGridAutoConfiguration:
      Did not match:
         - @ConditionalOnClass did not find required class 'com.sendgrid.SendGrid' (OnClassCondition)

   ServletWebServerFactoryAutoConfiguration.ForwardedHeaderFilterConfiguration:
      Did not match:
         - @ConditionalOnProperty (server.forward-headers-strategy=framework) did not find property 'server.forward-headers-strategy' (OnPropertyCondition)

   ServletWebServerFactoryConfiguration.EmbeddedJetty:
      Did not match:
         - @ConditionalOnClass did not find required classes 'org.eclipse.jetty.server.Server', 'org.eclipse.jetty.util.Loader', 'org.eclipse.jetty.ee10.webapp.WebAppContext' (OnClassCondition)

   ServletWebServerFactoryConfiguration.EmbeddedUndertow:
      Did not match:
         - @ConditionalOnClass did not find required classes 'io.undertow.Undertow', 'org.xnio.SslClientAuthMode' (OnClassCondition)

   SessionAutoConfiguration:
      Did not match:
         - @ConditionalOnClass did not find required class 'org.springframework.session.Session' (OnClassCondition)

   SpringApplicationAdminJmxAutoConfiguration:
      Did not match:
         - @ConditionalOnProperty (spring.application.admin.enabled=true) did not find property 'enabled' (OnPropertyCondition)

   SpringBootWebSecurityConfiguration.SecurityFilterChainConfiguration:
      Did not match:
         - AllNestedConditions 1 matched 1 did not; NestedCondition on DefaultWebSecurityCondition.Beans @ConditionalOnMissingBean (types: org.springframework.security.web.SecurityFilterChain; SearchStrategy: all) found beans of type 'org.springframework.security.web.SecurityFilterChain' securityFilterChain; NestedCondition on DefaultWebSecurityCondition.Classes @ConditionalOnClass found required classes 'org.springframework.security.web.SecurityFilterChain', 'org.springframework.security.config.annotation.web.builders.HttpSecurity' (DefaultWebSecurityCondition)

   SpringBootWebSecurityConfiguration.WebSecurityEnablerConfiguration:
      Did not match:
         - @ConditionalOnMissingBean (names: springSecurityFilterChain; SearchStrategy: all) found beans named springSecurityFilterChain (OnBeanCondition)
      Matched:
         - @ConditionalOnClass found required class 'org.springframework.security.config.annotation.web.configuration.EnableWebSecurity' (OnClassCondition)

   SpringDocConfiguration#propertiesResolverForSchema:
      Did not match:
         - @ConditionalOnProperty (springdoc.api-docs.resolve-schema-properties) did not find property 'springdoc.api-docs.resolve-schema-properties' (OnPropertyCondition)

   SpringDocConfiguration#propertyCustomizingConverter:
      Did not match:
         - @ConditionalOnBean (types: org.springdoc.core.customizers.PropertyCustomizer; SearchStrategy: all) did not find any beans of type org.springdoc.core.customizers.PropertyCustomizer (OnBeanCondition)

   SpringDocConfiguration#springdocBeanFactoryPostProcessor:
      Did not match:
         - AnyNestedCondition 0 matched 2 did not; NestedCondition on CacheOrGroupedOpenApiCondition.OnCacheDisabled found non-matching nested conditions @ConditionalOnProperty (springdoc.cache.disabled) did not find property 'springdoc.cache.disabled'; NestedCondition on CacheOrGroupedOpenApiCondition.OnMultipleOpenApiSupportCondition AnyNestedCondition 0 matched 2 did not; NestedCondition on MultipleOpenApiSupportCondition.OnActuatorDifferentPort @ConditionalOnProperty (springdoc.show-actuator) did not find property 'springdoc.show-actuator'; NestedCondition on MultipleOpenApiSupportCondition.OnMultipleOpenApiSupportCondition AnyNestedCondition 0 matched 2 did not; NestedCondition on MultipleOpenApiGroupsCondition.OnGroupConfigProperty @ConditionalOnProperty (springdoc.group-configs[0].group) did not find property 'springdoc.group-configs[0].group'; NestedCondition on MultipleOpenApiGroupsCondition.OnGroupedOpenApiBean @ConditionalOnBean (types: org.springdoc.core.models.GroupedOpenApi; SearchStrategy: all) did not find any beans of type org.springdoc.core.models.GroupedOpenApi (CacheOrGroupedOpenApiCondition)
      Matched:
         - @ConditionalOnClass found required class 'org.springframework.boot.context.properties.bind.BindResult' (OnClassCondition)

   SpringDocConfiguration#springdocBeanFactoryPostProcessor2:
      Did not match:
         - @ConditionalOnMissingClass found unwanted class 'org.springframework.boot.context.properties.bind.BindResult' (OnClassCondition)

   SpringDocConfiguration.SpringDocActuatorConfiguration:
      Did not match:
         - @ConditionalOnClass did not find required class 'org.springframework.boot.actuate.autoconfigure.endpoint.web.WebEndpointProperties' (OnClassCondition)

   SpringDocConfiguration.SpringDocRepositoryRestConfiguration:
      Did not match:
         - @ConditionalOnClass did not find required class 'org.springframework.data.rest.core.config.RepositoryRestConfiguration' (OnClassCondition)

   SpringDocConfiguration.SpringDocWebFluxSupportConfiguration:
      Did not match:
         - @ConditionalOnClass did not find required class 'reactor.core.publisher.Flux' (OnClassCondition)

   SpringDocDataRestConfiguration:
      Did not match:
         - @ConditionalOnClass did not find required class 'org.springframework.data.rest.core.config.RepositoryRestConfiguration' (OnClassCondition)

   SpringDocFunctionCatalogConfiguration:
      Did not match:
         - @ConditionalOnClass did not find required class 'org.springframework.cloud.function.web.function.FunctionEndpointInitializer' (OnClassCondition)

   SpringDocGroovyConfiguration:
      Did not match:
         - @ConditionalOnClass did not find required class 'groovy.lang.MetaClass' (OnClassCondition)

   SpringDocHateoasConfiguration:
      Did not match:
         - @ConditionalOnClass did not find required class 'org.springframework.hateoas.server.LinkRelationProvider' (OnClassCondition)

   SpringDocJacksonKotlinModuleConfiguration:
      Did not match:
         - @ConditionalOnClass did not find required class 'com.fasterxml.jackson.module.kotlin.KotlinModule' (OnClassCondition)

   SpringDocJavadocConfiguration:
      Did not match:
         - @ConditionalOnClass did not find required class 'com.github.therapi.runtimejavadoc.CommentFormatter' (OnClassCondition)

   SpringDocKotlinxConfiguration:
      Did not match:
         - @ConditionalOnClass did not find required class 'kotlinx.coroutines.flow.Flow' (OnClassCondition)

   SpringDocSecurityConfiguration.SpringDocSecurityOAuth2Configuration:
      Did not match:
         - @ConditionalOnClass did not find required class 'org.springframework.security.oauth2.server.authorization.OAuth2AuthorizationService' (OnClassCondition)

   SpringDocSecurityConfiguration.SpringSecurityLoginEndpointConfiguration#springSecurityLoginEndpointCustomiser:
      Did not match:
         - @ConditionalOnProperty (springdoc.show-login-endpoint) did not find property 'springdoc.show-login-endpoint' (OnPropertyCondition)

   SpringDocSortConfiguration#delegatingMethodParameterCustomizer:
      Did not match:
         - @ConditionalOnMissingBean (types: org.springdoc.core.customizers.DelegatingMethodParameterCustomizer; SearchStrategy: all) found beans of type 'org.springdoc.core.customizers.DelegatingMethodParameterCustomizer' delegatingMethodParameterCustomizer (OnBeanCondition)

   SpringDocWebMvcConfiguration.SpringDocWebMvcActuatorConfiguration:
      Did not match:
         - @ConditionalOnClass did not find required class 'org.springframework.boot.actuate.endpoint.web.servlet.WebMvcEndpointHandlerMapping' (OnClassCondition)

   SpringWebfluxInstrumentationAutoConfiguration:
      Did not match:
         - @ConditionalOnClass did not find required class 'org.springframework.web.reactive.function.client.WebClient' (OnClassCondition)

   SwaggerConfig#springWebProvider:
      Did not match:
         - @ConditionalOnMissingBean (types: org.springdoc.core.providers.SpringWebProvider; SearchStrategy: all) found beans of type 'org.springdoc.core.providers.SpringWebProvider' springWebProvider (OnBeanCondition)

   SwaggerConfig#swaggerUiConfigParameters:
      Did not match:
         - @ConditionalOnMissingBean (types: org.springdoc.core.properties.SwaggerUiConfigParameters; SearchStrategy: all) found beans of type 'org.springdoc.core.properties.SwaggerUiConfigParameters' org.springdoc.core.properties.SwaggerUiConfigParameters (OnBeanCondition)

   SwaggerConfig#swaggerUiHome:
      Did not match:
         - @ConditionalOnProperty (springdoc.swagger-ui.use-root-path=true) did not find property 'springdoc.swagger-ui.use-root-path' (OnPropertyCondition)

   SwaggerConfig.SwaggerActuatorWelcomeConfiguration:
      Did not match:
         - @ConditionalOnClass did not find required class 'org.springframework.boot.actuate.endpoint.web.servlet.WebMvcEndpointHandlerMapping' (OnClassCondition)

   TaskExecutorConfigurations.SimpleAsyncTaskExecutorBuilderConfiguration#simpleAsyncTaskExecutorBuilderVirtualThreads:
      Did not match:
         - @ConditionalOnMissingBean (types: org.springframework.boot.task.SimpleAsyncTaskExecutorBuilder; SearchStrategy: all) found beans of type 'org.springframework.boot.task.SimpleAsyncTaskExecutorBuilder' simpleAsyncTaskExecutorBuilder (OnBeanCondition)

   TaskExecutorConfigurations.TaskExecutorConfiguration#applicationTaskExecutorVirtualThreads:
      Did not match:
         - @ConditionalOnThreading did not find VIRTUAL (OnThreadingCondition)

   TaskSchedulingAutoConfiguration#scheduledBeanLazyInitializationExcludeFilter:
      Did not match:
         - @ConditionalOnBean (names: org.springframework.context.annotation.internalScheduledAnnotationProcessor; SearchStrategy: all) did not find any beans named org.springframework.context.annotation.internalScheduledAnnotationProcessor (OnBeanCondition)

   TaskSchedulingConfigurations.SimpleAsyncTaskSchedulerBuilderConfiguration#simpleAsyncTaskSchedulerBuilderVirtualThreads:
      Did not match:
         - @ConditionalOnMissingBean (types: org.springframework.boot.task.SimpleAsyncTaskSchedulerBuilder; SearchStrategy: all) found beans of type 'org.springframework.boot.task.SimpleAsyncTaskSchedulerBuilder' simpleAsyncTaskSchedulerBuilder (OnBeanCondition)

   TaskSchedulingConfigurations.TaskSchedulerConfiguration:
      Did not match:
         - @ConditionalOnBean (names: org.springframework.context.annotation.internalScheduledAnnotationProcessor; SearchStrategy: all) did not find any beans named org.springframework.context.annotation.internalScheduledAnnotationProcessor (OnBeanCondition)

   ThymeleafAutoConfiguration:
      Did not match:
         - @ConditionalOnClass did not find required class 'org.thymeleaf.spring6.SpringTemplateEngine' (OnClassCondition)

   TransactionAutoConfiguration#transactionalOperator:
      Did not match:
         - @ConditionalOnSingleCandidate (types: org.springframework.transaction.ReactiveTransactionManager; SearchStrategy: all) did not find any beans (OnBeanCondition)

   TransactionAutoConfiguration.AspectJTransactionManagementConfiguration:
      Did not match:
         - @ConditionalOnBean (types: org.springframework.transaction.aspectj.AbstractTransactionAspect; SearchStrategy: all) did not find any beans of type org.springframework.transaction.aspectj.AbstractTransactionAspect (OnBeanCondition)

   TransactionAutoConfiguration.EnableTransactionManagementConfiguration.JdkDynamicAutoProxyConfiguration:
      Did not match:
         - @ConditionalOnProperty (spring.aop.proxy-target-class=false) did not find property 'proxy-target-class' (OnPropertyCondition)

   UserDetailsServiceAutoConfiguration:
      Did not match:
         - @ConditionalOnMissingBean (types: org.springframework.security.authentication.AuthenticationManager,org.springframework.security.authentication.AuthenticationProvider,org.springframework.security.core.userdetails.UserDetailsService,org.springframework.security.authentication.AuthenticationManagerResolver,org.springframework.security.oauth2.jwt.JwtDecoder; SearchStrategy: all) found beans of type 'org.springframework.security.authentication.AuthenticationManager' authenticationManager and found beans of type 'org.springframework.security.core.userdetails.UserDetailsService' customUserDetailsService (OnBeanCondition)
      Matched:
         - @ConditionalOnClass found required class 'org.springframework.security.authentication.AuthenticationManager' (OnClassCondition)
         - AnyNestedCondition 1 matched 2 did not; NestedCondition on UserDetailsServiceAutoConfiguration.MissingAlternativeOrUserPropertiesConfigured.PasswordConfigured @ConditionalOnProperty (spring.security.user.password) did not find property 'password'; NestedCondition on UserDetailsServiceAutoConfiguration.MissingAlternativeOrUserPropertiesConfigured.NameConfigured @ConditionalOnProperty (spring.security.user.name) did not find property 'name'; NestedCondition on UserDetailsServiceAutoConfiguration.MissingAlternativeOrUserPropertiesConfigured.MissingAlternative @ConditionalOnMissingClass did not find unwanted classes 'org.springframework.security.oauth2.client.registration.ClientRegistrationRepository', 'org.springframework.security.oauth2.server.resource.introspection.OpaqueTokenIntrospector', 'org.springframework.security.saml2.provider.service.registration.RelyingPartyRegistrationRepository' (UserDetailsServiceAutoConfiguration.MissingAlternativeOrUserPropertiesConfigured)

   WebClientAutoConfiguration:
      Did not match:
         - @ConditionalOnClass did not find required class 'org.springframework.web.reactive.function.client.WebClient' (OnClassCondition)

   WebFluxAutoConfiguration:
      Did not match:
         - @ConditionalOnClass did not find required class 'org.springframework.web.reactive.config.WebFluxConfigurer' (OnClassCondition)

   WebMvcAutoConfiguration#hiddenHttpMethodFilter:
      Did not match:
         - @ConditionalOnProperty (spring.mvc.hiddenmethod.filter.enabled) did not find property 'enabled' (OnPropertyCondition)

   WebMvcAutoConfiguration.ProblemDetailsErrorHandlingConfiguration:
      Did not match:
         - @ConditionalOnProperty (spring.mvc.problemdetails.enabled=true) did not find property 'enabled' (OnPropertyCondition)

   WebMvcAutoConfiguration.ResourceChainCustomizerConfiguration:
      Did not match:
         - @ConditionalOnEnabledResourceChain did not find class org.webjars.WebJarAssetLocator (OnEnabledResourceChainCondition)

   WebMvcAutoConfiguration.WebMvcAutoConfigurationAdapter#beanNameViewResolver:
      Did not match:
         - @ConditionalOnMissingBean (types: org.springframework.web.servlet.view.BeanNameViewResolver; SearchStrategy: all) found beans of type 'org.springframework.web.servlet.view.BeanNameViewResolver' beanNameViewResolver (OnBeanCondition)

   WebServiceTemplateAutoConfiguration:
      Did not match:
         - @ConditionalOnClass did not find required class 'org.springframework.oxm.Marshaller' (OnClassCondition)

   WebServicesAutoConfiguration:
      Did not match:
         - @ConditionalOnClass did not find required class 'org.springframework.ws.transport.http.MessageDispatcherServlet' (OnClassCondition)

   WebSessionIdResolverAutoConfiguration:
      Did not match:
         - @ConditionalOnClass did not find required class 'reactor.core.publisher.Mono' (OnClassCondition)

   WebSocketMessagingAutoConfiguration:
      Did not match:
         - @ConditionalOnClass did not find required class 'org.springframework.web.socket.config.annotation.WebSocketMessageBrokerConfigurer' (OnClassCondition)

   WebSocketReactiveAutoConfiguration:
      Did not match:
         - @ConditionalOnWebApplication did not find reactive web application classes (OnWebApplicationCondition)

   WebSocketServletAutoConfiguration.JettyWebSocketConfiguration:
      Did not match:
         - @ConditionalOnClass did not find required class 'org.eclipse.jetty.ee10.websocket.jakarta.server.config.JakartaWebSocketServletContainerInitializer' (OnClassCondition)

   WebSocketServletAutoConfiguration.UndertowWebSocketConfiguration:
      Did not match:
         - @ConditionalOnClass did not find required class 'io.undertow.websockets.jsr.Bootstrap' (OnClassCondition)

   XADataSourceAutoConfiguration:
      Did not match:
         - @ConditionalOnBean (types: org.springframework.boot.jdbc.XADataSourceWrapper; SearchStrategy: all) did not find any beans of type org.springframework.boot.jdbc.XADataSourceWrapper (OnBeanCondition)
      Matched:
         - @ConditionalOnClass found required classes 'javax.sql.DataSource', 'jakarta.transaction.TransactionManager', 'org.springframework.jdbc.datasource.embedded.EmbeddedDatabaseType' (OnClassCondition)


Exclusions:
-----------

    None


Unconditional classes:
----------------------

    org.springframework.boot.autoconfigure.context.ConfigurationPropertiesAutoConfiguration

    org.springframework.boot.autoconfigure.ssl.SslAutoConfiguration

    io.opentelemetry.instrumentation.spring.autoconfigure.OpenTelemetryAutoConfiguration

    org.springframework.boot.autoconfigure.context.PropertyPlaceholderAutoConfiguration

    org.springframework.boot.autoconfigure.context.LifecycleAutoConfiguration

    org.springdoc.core.configuration.SpringDocSpecPropertiesConfiguration

    org.springframework.boot.autoconfigure.availability.ApplicationAvailabilityAutoConfiguration

    org.springframework.boot.autoconfigure.info.ProjectInfoAutoConfiguration

    io.opentelemetry.instrumentation.spring.autoconfigure.internal.instrumentation.logging.OpenTelemetryAppenderAutoConfiguration



[2026-05-14 17:01:46] [main] ERROR o.s.boot.SpringApplication - Application run failed
org.springframework.context.ApplicationContextException: Unable to start web server
	at org.springframework.boot.web.servlet.context.ServletWebServerApplicationContext.onRefresh(ServletWebServerApplicationContext.java:165)
	at org.springframework.context.support.AbstractApplicationContext.refresh(AbstractApplicationContext.java:619)
	at org.springframework.boot.web.servlet.context.ServletWebServerApplicationContext.refresh(ServletWebServerApplicationContext.java:146)
	at org.springframework.boot.SpringApplication.refresh(SpringApplication.java:754)
	at org.springframework.boot.SpringApplication.refreshContext(SpringApplication.java:456)
	at org.springframework.boot.SpringApplication.run(SpringApplication.java:335)
	at org.springframework.boot.SpringApplication.run(SpringApplication.java:1363)
	at org.springframework.boot.SpringApplication.run(SpringApplication.java:1352)
	at com.bank.mortgage.MortgageApplication.main(MortgageApplication.java:9)
	at java.base/jdk.internal.reflect.DirectMethodHandleAccessor.invoke(DirectMethodHandleAccessor.java:103)
	at java.base/java.lang.reflect.Method.invoke(Method.java:580)
	at org.springframework.boot.loader.launch.Launcher.launch(Launcher.java:102)
	at org.springframework.boot.loader.launch.Launcher.launch(Launcher.java:64)
	at org.springframework.boot.loader.launch.JarLauncher.main(JarLauncher.java:40)
Caused by: org.springframework.boot.web.server.WebServerException: Unable to start embedded Tomcat
	at org.springframework.boot.web.embedded.tomcat.TomcatWebServer.initialize(TomcatWebServer.java:147)
	at org.springframework.boot.web.embedded.tomcat.TomcatWebServer.<init>(TomcatWebServer.java:107)
	at org.springframework.boot.web.embedded.tomcat.TomcatServletWebServerFactory.getTomcatWebServer(TomcatServletWebServerFactory.java:516)
	at org.springframework.boot.web.embedded.tomcat.TomcatServletWebServerFactory.getWebServer(TomcatServletWebServerFactory.java:222)
	at org.springframework.boot.web.servlet.context.ServletWebServerApplicationContext.createWebServer(ServletWebServerApplicationContext.java:188)
	at org.springframework.boot.web.servlet.context.ServletWebServerApplicationContext.onRefresh(ServletWebServerApplicationContext.java:162)
	... 13 common frames omitted
Caused by: org.springframework.beans.factory.BeanCreationException: Error creating bean with name 'h2Console' defined in class path resource [org/springframework/boot/autoconfigure/h2/H2ConsoleAutoConfiguration.class]: Failed to instantiate [org.springframework.boot.web.servlet.ServletRegistrationBean]: Factory method 'h2Console' threw exception with message: Error creating bean with name 'dataSource' defined in class path resource [org/springframework/boot/autoconfigure/jdbc/DataSourceConfiguration$Hikari.class]: Error creating bean with name 'openTelemetry' defined in class path resource [io/opentelemetry/instrumentation/spring/autoconfigure/OpenTelemetryAutoConfiguration$OpenTelemetrySdkConfig.class]: Unsatisfied dependency expressed through method 'openTelemetry' parameter 0: Error creating bean with name 'autoConfiguredOpenTelemetrySdk' defined in class path resource [io/opentelemetry/instrumentation/spring/autoconfigure/OpenTelemetryAutoConfiguration$OpenTelemetrySdkConfig.class]: Failed to instantiate [io.opentelemetry.sdk.autoconfigure.AutoConfiguredOpenTelemetrySdk]: Factory method 'autoConfiguredOpenTelemetrySdk' threw exception with message: io/opentelemetry/api/incubator/metrics/DoubleGauge
	at org.springframework.beans.factory.support.ConstructorResolver.instantiate(ConstructorResolver.java:648)
	at org.springframework.beans.factory.support.ConstructorResolver.instantiateUsingFactoryMethod(ConstructorResolver.java:636)
	at org.springframework.beans.factory.support.AbstractAutowireCapableBeanFactory.instantiateUsingFactoryMethod(AbstractAutowireCapableBeanFactory.java:1355)
	at org.springframework.beans.factory.support.AbstractAutowireCapableBeanFactory.createBeanInstance(AbstractAutowireCapableBeanFactory.java:1185)
	at org.springframework.beans.factory.support.AbstractAutowireCapableBeanFactory.doCreateBean(AbstractAutowireCapableBeanFactory.java:562)
	at org.springframework.beans.factory.support.AbstractAutowireCapableBeanFactory.createBean(AbstractAutowireCapableBeanFactory.java:522)
	at org.springframework.beans.factory.support.AbstractBeanFactory.lambda$doGetBean$0(AbstractBeanFactory.java:337)
	at org.springframework.beans.factory.support.DefaultSingletonBeanRegistry.getSingleton(DefaultSingletonBeanRegistry.java:234)
	at org.springframework.beans.factory.support.AbstractBeanFactory.doGetBean(AbstractBeanFactory.java:335)
	at org.springframework.beans.factory.support.AbstractBeanFactory.getBean(AbstractBeanFactory.java:205)
	at org.springframework.boot.web.servlet.ServletContextInitializerBeans.getOrderedBeansOfType(ServletContextInitializerBeans.java:211)
	at org.springframework.boot.web.servlet.ServletContextInitializerBeans.getOrderedBeansOfType(ServletContextInitializerBeans.java:202)
	at org.springframework.boot.web.servlet.ServletContextInitializerBeans.addServletContextInitializerBeans(ServletContextInitializerBeans.java:97)
	at org.springframework.boot.web.servlet.ServletContextInitializerBeans.<init>(ServletContextInitializerBeans.java:86)
	at org.springframework.boot.web.servlet.context.ServletWebServerApplicationContext.getServletContextInitializerBeans(ServletWebServerApplicationContext.java:266)
	at org.springframework.boot.web.servlet.context.ServletWebServerApplicationContext.selfInitialize(ServletWebServerApplicationContext.java:240)
	at org.springframework.boot.web.embedded.tomcat.TomcatStarter.onStartup(TomcatStarter.java:52)
	at org.apache.catalina.core.StandardContext.startInternal(StandardContext.java:4412)
	at org.apache.catalina.util.LifecycleBase.start(LifecycleBase.java:164)
	at org.apache.catalina.core.ContainerBase$StartChild.call(ContainerBase.java:1203)
	at org.apache.catalina.core.ContainerBase$StartChild.call(ContainerBase.java:1193)
	at java.base/java.util.concurrent.FutureTask.run(FutureTask.java:317)
	at org.apache.tomcat.util.threads.InlineExecutorService.execute(InlineExecutorService.java:75)
	at java.base/java.util.concurrent.AbstractExecutorService.submit(AbstractExecutorService.java:145)
	at org.apache.catalina.core.ContainerBase.startInternal(ContainerBase.java:749)
	at org.apache.catalina.core.StandardHost.startInternal(StandardHost.java:772)
	at org.apache.catalina.util.LifecycleBase.start(LifecycleBase.java:164)
	at org.apache.catalina.core.ContainerBase$StartChild.call(ContainerBase.java:1203)
	at org.apache.catalina.core.ContainerBase$StartChild.call(ContainerBase.java:1193)
	at java.base/java.util.concurrent.FutureTask.run(FutureTask.java:317)
	at org.apache.tomcat.util.threads.InlineExecutorService.execute(InlineExecutorService.java:75)
	at java.base/java.util.concurrent.AbstractExecutorService.submit(AbstractExecutorService.java:145)
	at org.apache.catalina.core.ContainerBase.startInternal(ContainerBase.java:749)
	at org.apache.catalina.core.StandardEngine.startInternal(StandardEngine.java:203)
	at org.apache.catalina.util.LifecycleBase.start(LifecycleBase.java:164)
	at org.apache.catalina.core.StandardService.startInternal(StandardService.java:415)
	at org.apache.catalina.util.LifecycleBase.start(LifecycleBase.java:164)
	at org.apache.catalina.core.StandardServer.startInternal(StandardServer.java:870)
	at org.apache.catalina.util.LifecycleBase.start(LifecycleBase.java:164)
	at org.apache.catalina.startup.Tomcat.start(Tomcat.java:437)
	at org.springframework.boot.web.embedded.tomcat.TomcatWebServer.initialize(TomcatWebServer.java:128)
	... 18 common frames omitted
Caused by: org.springframework.beans.BeanInstantiationException: Failed to instantiate [org.springframework.boot.web.servlet.ServletRegistrationBean]: Factory method 'h2Console' threw exception with message: Error creating bean with name 'dataSource' defined in class path resource [org/springframework/boot/autoconfigure/jdbc/DataSourceConfiguration$Hikari.class]: Error creating bean with name 'openTelemetry' defined in class path resource [io/opentelemetry/instrumentation/spring/autoconfigure/OpenTelemetryAutoConfiguration$OpenTelemetrySdkConfig.class]: Unsatisfied dependency expressed through method 'openTelemetry' parameter 0: Error creating bean with name 'autoConfiguredOpenTelemetrySdk' defined in class path resource [io/opentelemetry/instrumentation/spring/autoconfigure/OpenTelemetryAutoConfiguration$OpenTelemetrySdkConfig.class]: Failed to instantiate [io.opentelemetry.sdk.autoconfigure.AutoConfiguredOpenTelemetrySdk]: Factory method 'autoConfiguredOpenTelemetrySdk' threw exception with message: io/opentelemetry/api/incubator/metrics/DoubleGauge
	at org.springframework.beans.factory.support.SimpleInstantiationStrategy.instantiate(SimpleInstantiationStrategy.java:178)
	at org.springframework.beans.factory.support.ConstructorResolver.instantiate(ConstructorResolver.java:644)
	... 58 common frames omitted
Caused by: org.springframework.beans.factory.BeanCreationException: Error creating bean with name 'dataSource' defined in class path resource [org/springframework/boot/autoconfigure/jdbc/DataSourceConfiguration$Hikari.class]: Error creating bean with name 'openTelemetry' defined in class path resource [io/opentelemetry/instrumentation/spring/autoconfigure/OpenTelemetryAutoConfiguration$OpenTelemetrySdkConfig.class]: Unsatisfied dependency expressed through method 'openTelemetry' parameter 0: Error creating bean with name 'autoConfiguredOpenTelemetrySdk' defined in class path resource [io/opentelemetry/instrumentation/spring/autoconfigure/OpenTelemetryAutoConfiguration$OpenTelemetrySdkConfig.class]: Failed to instantiate [io.opentelemetry.sdk.autoconfigure.AutoConfiguredOpenTelemetrySdk]: Factory method 'autoConfiguredOpenTelemetrySdk' threw exception with message: io/opentelemetry/api/incubator/metrics/DoubleGauge
	at org.springframework.beans.factory.support.AbstractAutowireCapableBeanFactory.doCreateBean(AbstractAutowireCapableBeanFactory.java:607)
	at org.springframework.beans.factory.support.AbstractAutowireCapableBeanFactory.createBean(AbstractAutowireCapableBeanFactory.java:522)
	at org.springframework.beans.factory.support.AbstractBeanFactory.lambda$doGetBean$0(AbstractBeanFactory.java:337)
	at org.springframework.beans.factory.support.DefaultSingletonBeanRegistry.getSingleton(DefaultSingletonBeanRegistry.java:234)
	at org.springframework.beans.factory.support.AbstractBeanFactory.doGetBean(AbstractBeanFactory.java:335)
	at org.springframework.beans.factory.support.AbstractBeanFactory.getBean(AbstractBeanFactory.java:200)
	at org.springframework.beans.factory.config.DependencyDescriptor.resolveCandidate(DependencyDescriptor.java:254)
	at org.springframework.beans.factory.support.DefaultListableBeanFactory.addCandidateEntry(DefaultListableBeanFactory.java:1696)
	at org.springframework.beans.factory.support.DefaultListableBeanFactory.findAutowireCandidates(DefaultListableBeanFactory.java:1653)
	at org.springframework.beans.factory.support.DefaultListableBeanFactory.resolveMultipleBeans(DefaultListableBeanFactory.java:1470)
	at org.springframework.beans.factory.support.DefaultListableBeanFactory.doResolveDependency(DefaultListableBeanFactory.java:1392)
	at org.springframework.beans.factory.support.DefaultListableBeanFactory$DependencyObjectProvider.resolveStream(DefaultListableBeanFactory.java:2198)
	at org.springframework.beans.factory.support.DefaultListableBeanFactory$DependencyObjectProvider.orderedStream(DefaultListableBeanFactory.java:2192)
	at org.springframework.boot.autoconfigure.h2.H2ConsoleAutoConfiguration.logDataSources(H2ConsoleAutoConfiguration.java:86)
	at org.springframework.boot.autoconfigure.h2.H2ConsoleAutoConfiguration.lambda$h2Console$0(H2ConsoleAutoConfiguration.java:69)
	at org.springframework.boot.autoconfigure.h2.H2ConsoleAutoConfiguration.withThreadContextClassLoader(H2ConsoleAutoConfiguration.java:78)
	at org.springframework.boot.autoconfigure.h2.H2ConsoleAutoConfiguration.h2Console(H2ConsoleAutoConfiguration.java:69)
	at java.base/jdk.internal.reflect.DirectMethodHandleAccessor.invoke(DirectMethodHandleAccessor.java:103)
	at java.base/java.lang.reflect.Method.invoke(Method.java:580)
	at org.springframework.beans.factory.support.SimpleInstantiationStrategy.instantiate(SimpleInstantiationStrategy.java:146)
	... 59 common frames omitted
Caused by: org.springframework.beans.factory.UnsatisfiedDependencyException: Error creating bean with name 'openTelemetry' defined in class path resource [io/opentelemetry/instrumentation/spring/autoconfigure/OpenTelemetryAutoConfiguration$OpenTelemetrySdkConfig.class]: Unsatisfied dependency expressed through method 'openTelemetry' parameter 0: Error creating bean with name 'autoConfiguredOpenTelemetrySdk' defined in class path resource [io/opentelemetry/instrumentation/spring/autoconfigure/OpenTelemetryAutoConfiguration$OpenTelemetrySdkConfig.class]: Failed to instantiate [io.opentelemetry.sdk.autoconfigure.AutoConfiguredOpenTelemetrySdk]: Factory method 'autoConfiguredOpenTelemetrySdk' threw exception with message: io/opentelemetry/api/incubator/metrics/DoubleGauge
	at org.springframework.beans.factory.support.ConstructorResolver.createArgumentArray(ConstructorResolver.java:795)
	at org.springframework.beans.factory.support.ConstructorResolver.instantiateUsingFactoryMethod(ConstructorResolver.java:542)
	at org.springframework.beans.factory.support.AbstractAutowireCapableBeanFactory.instantiateUsingFactoryMethod(AbstractAutowireCapableBeanFactory.java:1355)
	at org.springframework.beans.factory.support.AbstractAutowireCapableBeanFactory.createBeanInstance(AbstractAutowireCapableBeanFactory.java:1185)
	at org.springframework.beans.factory.support.AbstractAutowireCapableBeanFactory.doCreateBean(AbstractAutowireCapableBeanFactory.java:562)
	at org.springframework.beans.factory.support.AbstractAutowireCapableBeanFactory.createBean(AbstractAutowireCapableBeanFactory.java:522)
	at org.springframework.beans.factory.support.AbstractBeanFactory.lambda$doGetBean$0(AbstractBeanFactory.java:337)
	at org.springframework.beans.factory.support.DefaultSingletonBeanRegistry.getSingleton(DefaultSingletonBeanRegistry.java:234)
	at org.springframework.beans.factory.support.AbstractBeanFactory.doGetBean(AbstractBeanFactory.java:335)
	at org.springframework.beans.factory.support.AbstractBeanFactory.getBean(AbstractBeanFactory.java:200)
	at org.springframework.beans.factory.config.DependencyDescriptor.resolveCandidate(DependencyDescriptor.java:254)
	at org.springframework.beans.factory.support.DefaultListableBeanFactory.doResolveDependency(DefaultListableBeanFactory.java:1443)
	at org.springframework.beans.factory.support.DefaultListableBeanFactory$DependencyObjectProvider.getObject(DefaultListableBeanFactory.java:2070)
	at io.opentelemetry.instrumentation.spring.autoconfigure.internal.instrumentation.jdbc.DataSourcePostProcessor.postProcessAfterInitialization(DataSourcePostProcessor.java:37)
	at org.springframework.beans.factory.support.AbstractAutowireCapableBeanFactory.applyBeanPostProcessorsAfterInitialization(AbstractAutowireCapableBeanFactory.java:438)
	at org.springframework.beans.factory.support.AbstractAutowireCapableBeanFactory.initializeBean(AbstractAutowireCapableBeanFactory.java:1809)
	at org.springframework.beans.factory.support.AbstractAutowireCapableBeanFactory.doCreateBean(AbstractAutowireCapableBeanFactory.java:600)
	... 78 common frames omitted
Caused by: org.springframework.beans.factory.BeanCreationException: Error creating bean with name 'autoConfiguredOpenTelemetrySdk' defined in class path resource [io/opentelemetry/instrumentation/spring/autoconfigure/OpenTelemetryAutoConfiguration$OpenTelemetrySdkConfig.class]: Failed to instantiate [io.opentelemetry.sdk.autoconfigure.AutoConfiguredOpenTelemetrySdk]: Factory method 'autoConfiguredOpenTelemetrySdk' threw exception with message: io/opentelemetry/api/incubator/metrics/DoubleGauge
	at org.springframework.beans.factory.support.ConstructorResolver.instantiate(ConstructorResolver.java:648)
	at org.springframework.beans.factory.support.ConstructorResolver.instantiateUsingFactoryMethod(ConstructorResolver.java:636)
	at org.springframework.beans.factory.support.AbstractAutowireCapableBeanFactory.instantiateUsingFactoryMethod(AbstractAutowireCapableBeanFactory.java:1355)
	at org.springframework.beans.factory.support.AbstractAutowireCapableBeanFactory.createBeanInstance(AbstractAutowireCapableBeanFactory.java:1185)
	at org.springframework.beans.factory.support.AbstractAutowireCapableBeanFactory.doCreateBean(AbstractAutowireCapableBeanFactory.java:562)
	at org.springframework.beans.factory.support.AbstractAutowireCapableBeanFactory.createBean(AbstractAutowireCapableBeanFactory.java:522)
	at org.springframework.beans.factory.support.AbstractBeanFactory.lambda$doGetBean$0(AbstractBeanFactory.java:337)
	at org.springframework.beans.factory.support.DefaultSingletonBeanRegistry.getSingleton(DefaultSingletonBeanRegistry.java:234)
	at org.springframework.beans.factory.support.AbstractBeanFactory.doGetBean(AbstractBeanFactory.java:335)
	at org.springframework.beans.factory.support.AbstractBeanFactory.getBean(AbstractBeanFactory.java:200)
	at org.springframework.beans.factory.config.DependencyDescriptor.resolveCandidate(DependencyDescriptor.java:254)
	at org.springframework.beans.factory.support.DefaultListableBeanFactory.doResolveDependency(DefaultListableBeanFactory.java:1443)
	at org.springframework.beans.factory.support.DefaultListableBeanFactory.resolveDependency(DefaultListableBeanFactory.java:1353)
	at org.springframework.beans.factory.support.ConstructorResolver.resolveAutowiredArgument(ConstructorResolver.java:904)
	at org.springframework.beans.factory.support.ConstructorResolver.createArgumentArray(ConstructorResolver.java:782)
	... 94 common frames omitted
Caused by: org.springframework.beans.BeanInstantiationException: Failed to instantiate [io.opentelemetry.sdk.autoconfigure.AutoConfiguredOpenTelemetrySdk]: Factory method 'autoConfiguredOpenTelemetrySdk' threw exception with message: io/opentelemetry/api/incubator/metrics/DoubleGauge
	at org.springframework.beans.factory.support.SimpleInstantiationStrategy.instantiate(SimpleInstantiationStrategy.java:178)
	at org.springframework.beans.factory.support.ConstructorResolver.instantiate(ConstructorResolver.java:644)
	... 108 common frames omitted
Caused by: java.lang.NoClassDefFoundError: io/opentelemetry/api/incubator/metrics/DoubleGauge
	at io.opentelemetry.sdk.metrics.SdkMeter.gaugeBuilder(SdkMeter.java:111)
	at io.opentelemetry.sdk.trace.export.BatchSpanProcessor$Worker.<init>(BatchSpanProcessor.java:203)
	at io.opentelemetry.sdk.trace.export.BatchSpanProcessor$Worker.<init>(BatchSpanProcessor.java:162)
	at io.opentelemetry.sdk.trace.export.BatchSpanProcessor.<init>(BatchSpanProcessor.java:87)
	at io.opentelemetry.sdk.trace.export.BatchSpanProcessorBuilder.build(BatchSpanProcessorBuilder.java:159)
	at io.opentelemetry.sdk.autoconfigure.TracerProviderConfiguration.configureBatchSpanProcessor(TracerProviderConfiguration.java:126)
	at io.opentelemetry.sdk.autoconfigure.TracerProviderConfiguration.configureSpanProcessors(TracerProviderConfiguration.java:92)
	at io.opentelemetry.sdk.autoconfigure.TracerProviderConfiguration.configureTracerProvider(TracerProviderConfiguration.java:62)
	at io.opentelemetry.sdk.autoconfigure.AutoConfiguredOpenTelemetrySdkBuilder.build(AutoConfiguredOpenTelemetrySdkBuilder.java:464)
	at io.opentelemetry.instrumentation.spring.autoconfigure.OpenTelemetryAutoConfiguration$OpenTelemetrySdkConfig.autoConfiguredOpenTelemetrySdk(OpenTelemetryAutoConfiguration.java:107)
	at io.opentelemetry.instrumentation.spring.autoconfigure.OpenTelemetryAutoConfiguration$OpenTelemetrySdkConfig$$SpringCGLIB$$0.CGLIB$autoConfiguredOpenTelemetrySdk$5(<generated>)
	at io.opentelemetry.instrumentation.spring.autoconfigure.OpenTelemetryAutoConfiguration$OpenTelemetrySdkConfig$$SpringCGLIB$$FastClass$$1.invoke(<generated>)
	at org.springframework.cglib.proxy.MethodProxy.invokeSuper(MethodProxy.java:258)
	at org.springframework.context.annotation.ConfigurationClassEnhancer$BeanMethodInterceptor.intercept(ConfigurationClassEnhancer.java:348)
	at io.opentelemetry.instrumentation.spring.autoconfigure.OpenTelemetryAutoConfiguration$OpenTelemetrySdkConfig$$SpringCGLIB$$0.autoConfiguredOpenTelemetrySdk(<generated>)
	at java.base/jdk.internal.reflect.DirectMethodHandleAccessor.invoke(DirectMethodHandleAccessor.java:103)
	at java.base/java.lang.reflect.Method.invoke(Method.java:580)
	at org.springframework.beans.factory.support.SimpleInstantiationStrategy.instantiate(SimpleInstantiationStrategy.java:146)
	... 109 common frames omitted
Caused by: java.lang.ClassNotFoundException: io.opentelemetry.api.incubator.metrics.DoubleGauge
	at java.base/java.net.URLClassLoader.findClass(URLClassLoader.java:445)
	at java.base/java.lang.ClassLoader.loadClass(ClassLoader.java:593)
	at org.springframework.boot.loader.net.protocol.jar.JarUrlClassLoader.loadClass(JarUrlClassLoader.java:107)
	at org.springframework.boot.loader.launch.LaunchedClassLoader.loadClass(LaunchedClassLoader.java:91)
	at java.base/java.lang.ClassLoader.loadClass(ClassLoader.java:526)
	... 127 common frames omitted
